COMMU_LAB,Somme de Taux_chlordecone,Adresse_parcelle
MORNE-ROUGE(LE),624.7999999999997,Longchamps
MORNE-ROUGE(LE),484.3999999999998,M.Gustave
MORNE-ROUGE(LE),353.79999999999956,Grand Reduit
MORNE-ROUGE(LE),350.13999999999976,M.GUSTAVE Cyril
GROS-MORNE,308.4300000000002,Oscar De Reynal/Habitation St Michel
MACOUBA,293.3999999999999,JM
MORNE-ROUGE(LE),291.30000000000007,ChDegat1
MORNE-ROUGE(LE),274.45600000000024,Mav6
GROS-MORNE,249.49999999999966,Mr ESPERANCE
BASSE-POINTE,242.3,Leyritz
MORNE-ROUGE(LE),194.20799999999988,Mav3
MORNE-ROUGE(LE),177.0399999999999,Mav5
MORNE-ROUGE(LE),171,M. Manyri
TRINITE(LA),165.20000000000007,Habitation merveilleuse/ Trinite
MORNE-ROUGE(LE),158.5399999999999,Chan7
LORRAIN(LE),150.9,Habitation Acier
MACOUBA,149.2,M. Gonagon
MORNE-ROUGE(LE),145.992,Cha3
GRAND'RIVIERE,139.635,RemOr1
MACOUBA,130.5,Dupotiche
MORNE-ROUGE(LE),127.00000000000001,PSA2
LORRAIN(LE),123.85999999999997,M. Blondelle Larougery/Hab. La Pirogue
VAUCLIN(LE),116.99999999999987,"M,Dorby"
MORNE-ROUGE(LE),115.76,Leo3
GROS-MORNE,110.39999999999995,M.De Reynal
MORNE-ROUGE(LE),101.11399999999998,Mav4
MORNE-ROUGE(LE),100.77599999999997,Chan6
MORNE-ROUGE(LE),100.34000000000002,Chan5
MORNE-ROUGE(LE),99.97400000000002,Chan3
FRANCOIS(LE),95.08000000000001,Ber2
MORNE-ROUGE(LE),92.30399999999992,Mav7
MORNE-ROUGE(LE),89.23199999999999,Chan2
MORNE-ROUGE(LE),84.96000000000001,Mucy
MARIGOT(LE),81.90000000000002,Ancienne habitation Crassous/dependante de St James maintenant
BASSE-POINTE,80,Canal
LAMENTIN(LE),79.96799999999998,Gab2
MORNE-ROUGE(LE),77.00000000000001,JEAN-BAPTISTE Manuel
LAMENTIN(LE),76.43999999999998,Lareinty 111
BASSE-POINTE,74.77999999999997,Pecoul
SAINT-PIERRE,74.358,Mav1
LAMENTIN(LE),73.73599999999998,Roch
BASSE-POINTE,72.58999999999996,Fond sable
MORNE-ROUGE(LE),71.736,Char3
MORNE-ROUGE(LE),69.4,PSA1
BASSE-POINTE,67.49999999999999,Gradis
MORNE-ROUGE(LE),63.959999999999994,Char5
MORNE-ROUGE(LE),63.05600000000002,Cha4
MORNE-ROUGE(LE),62.85199999999993,M.Le pasteur
MORNE-ROUGE(LE),61.199999999999974,ChDegat2
MARIN(LE),57.44999999999998,P10
MORNE-ROUGE(LE),55.16000000000002,Mav2
MORNE-ROUGE(LE),54.60000000000001,Char2
SAINT-JOSEPH,53.250000000000014,Pru3
MORNE-ROUGE(LE),53.24400000000001,Char4
SAINTE-MARIE,51.599999999999994,M.Largange
MORNE-ROUGE(LE),48.07999999999999,PSA3
LAMENTIN(LE),47.2308,Bochette
MORNE-ROUGE(LE),46.84,Chan1
DUCOS,46.07999999999999,M.DJIRE
TRINITE(LA),43.78,Carole4
MORNE-ROUGE(LE),43.53799999999999,Cha2
MORNE-ROUGE(LE),43.08000000000001,Mornepob
MORNE-ROUGE(LE),41.39999999999999,Jean-Pi
MORNE-ROUGE(LE),40.96,PSA4
LORRAIN(LE),38.337,LouisorPim
MORNE-ROUGE(LE),36.4,Larade3
SAINT-JOSEPH,35.09999999999999,Flamboyant
SAINTE-MARIE,34.411999999999985,Leo6
MORNE-ROUGE(LE),33.44,Petitpa2
AJOUPA BOUILLON,33.24,Papaye
LORRAIN(LE),33.16800000000001,Nes2
AJOUPA BOUILLON,32.42399999999997,St Aime 1
MACOUBA,31.859999999999996,M.Gonagon
LORRAIN(LE),31.6,PoljoPim
MORNE-ROUGE(LE),31.6,LericChou
GRAND'RIVIERE,29.124,RemOr2
MORNE-ROUGE(LE),29.048,Chan4
MACOUBA,28.154800000000016,Riviere Roche
SAINTE-MARIE,27.566,Leo8
LAMENTIN(LE),27.299999999999997,Lareinty 112
RIVIERE-PILOTE,26.999999999999986,Monl5
DUCOS,26.700000000000006,Carette
FRANCOIS(LE),26.546000000000014,Pav1
MORNE-ROUGE(LE),25.52,Vois2
SAINT-JOSEPH,25.499999999999993,Mathi5
FRANCOIS(LE),25.480000000000008,Toto4
MORNE-ROUGE(LE),25.42800000000001,Vois1
ROBERT(LE),25.267000000000003,Bou4
BASSE-POINTE,24.699999999999996,Le Verger
MORNE-ROUGE(LE),24.56,Petitpa1
MORNE-ROUGE(LE),24.51,Osn2
SAINT-ESPRIT,24.12,Poulgo1
SAINTE-MARIE,23.73,Juste3
LORRAIN(LE),23.634,Nes1
SAINT-ESPRIT,22.7,MPParc3
SAINT-JOSEPH,21.299999999999997,CharlecTom2
BASSE-POINTE,21.088,LebielFP3
TRINITE(LA),20.999999999999996,Yerro4
SAINT-ESPRIT,20.9,Antibes3
SAINT-ESPRIT,20.400000000000002,Monl3
MORNE-ROUGE(LE),20.180000000000003,Dev5
TRINITE(LA),20.1,Carole3
MORNE-ROUGE(LE),20.06,M. GOLVET
AJOUPA BOUILLON,19.979999999999997,Dup4
MORNE-ROUGE(LE),19.656000000000002,Lege
TRINITE(LA),19.5,Richard1
TRINITE(LA),19.2,Yerro5
SAINT-JOSEPH,19.04099999999999,Lab2
SAINT-JOSEPH,19.03,Mathi3
ROBERT(LE),19.020000000000003,Bou5
SAINTE-MARIE,18.3,Leo7
LAMENTIN(LE),18.27,Ilot2
RIVIERE-SALEE,18.23,Morel
GRAND'RIVIERE,17.88,Pommed'eau
SAINT-ESPRIT,17.36,MPParc4
GROS-MORNE,17.31,PlantainHa
MORNE-ROUGE(LE),17.16,Platolev
SAINT-ESPRIT,17.02800000000001,Wil2
MORNE-ROUGE(LE),17.02,Signardy
AJOUPA BOUILLON,16.812,Dup6
SAINTE-MARIE,16.65,Juste1
SAINTE-MARIE,16.5,Fijo
SAINT-JOSEPH,16.299999999999994,Pru4
LAMENTIN(LE),16.082,Gab1
LORRAIN(LE),15.85,Stange2
MORNE-ROUGE(LE),15.6,LericConc
MORNE-ROUGE(LE),15.399999999999997,"M,St Ange"
TRINITE(LA),15.371999999999998,PetgalAb
SAINT-JOSEPH,15.365899999999998,Belle Etoile L'habituee Ne486
TRINITE(LA),15,Carole1
TRINITE(LA),14.9,Zapha2
MACOUBA,14.6097,Habitation Preville
SAINT-JOSEPH,14.340000000000002,CharlecTom1
SAINT-JOSEPH,14.249999999999996,Pru2
BASSE-POINTE,14.1977,Eyma
LAMENTIN(LE),14.1,Ilot9
MORNE-ROUGE(LE),13.879999999999992,Char1
LORRAIN(LE),13.791999999999996,Zel3
MORNE-ROUGE(LE),13.680000000000003,M.ANGLO Jean-Michel
MORNE-ROUGE(LE),13.659799999999999,Haut du Bourg
SAINT-ESPRIT,13.599999999999998,POLINGoy
LORRAIN(LE),13.575999999999999,Zel2
BASSE-POINTE,13.559999999999999,BFirmin
AJOUPA BOUILLON,13.536,Dup5
LAMENTIN(LE),13.3,Mont-Eole
MORNE-ROUGE(LE),13.26,LerandHar
BASSE-POINTE,13.247999999999998,LebielFP2
SAINT-JOSEPH,13.200000000000001,Mathi1
MORNE-ROUGE(LE),13.159999999999995,Laclejad
FRANCOIS(LE),13.089999999999996,Cenille1
GRAND'RIVIERE,13.036,RemLM1
LORRAIN(LE),13.02,pastek1
SAINTE-MARIE,12.809999999999999,Juste4
SAINT-JOSEPH,12.779999999999996,Dang1
MORNE-ROUGE(LE),12.08,CaussierCh
MORNE-ROUGE(LE),11.9,PimRoute
LORRAIN(LE),11.850000000000001,Stange1
LORRAIN(LE),11.7,Gomb
AJOUPA BOUILLON,11.680000000000005,Dup3
AJOUPA BOUILLON,11.360000000000003,St Aime 2
LORRAIN(LE),11.321999999999996,Yera2
SAINT-JOSEPH,11.219999999999999,Jos1
RIVIERE-SALEE,11.16,Morello1
SAINT-JOSEPH,10.92,Mathi4
ROBERT(LE),10.806,Cal2
LAMENTIN(LE),10.76,Lareinty 95
DUCOS,10.6,CocoHaut
BASSE-POINTE,10.56,Demobas
MORNE-ROUGE(LE),10.543999999999999,Osn1
ROBERT(LE),10.503,Bou3
TRINITE(LA),10.48,Carole2
LAMENTIN(LE),10.4,Ilot19
AJOUPA BOUILLON,10.166,Jean2
RIVIERE-PILOTE,10.075000000000006,Gar
ROBERT(LE),10.061700000000002,Quartier Moulin e Vent
SAINT-PIERRE,9.99,Past6
TRINITE(LA),9.899999999999999,Soulka1
GROS-MORNE,9.7815,Petite Lezarde
LAMENTIN(LE),9.78,M.Michaulon
GROS-MORNE,9.732000000000001,Cart8
MORNE-ROUGE(LE),9.6,MININChou
LORRAIN(LE),9.539999999999996,Chr1
ROBERT(LE),9.445,Cal1
ROBERT(LE),9.44,Pris0
AJOUPA BOUILLON,9.24,Hardy2
GROS-MORNE,9.2,PlantainBa
SAINT-ESPRIT,9.1,MPParc6
SAINT-ESPRIT,9.099999999999996,Monl4
MORNE-ROUGE(LE),8.992000000000003,Pela2
SAINT-JOSEPH,8.944,Dang3
GROS-MORNE,8.94,TomateSud
FRANCOIS(LE),8.839999999999998,Toto1
LAMENTIN(LE),8.8,M. LOUISON
LAMENTIN(LE),8.7,Lareinty 92
SAINT-ESPRIT,8.7,MPParc2
AJOUPA BOUILLON,8.6,PLACIDAub
MARIGOT(LE),8.5602,Pointe Courchet Nord
TRINITE(LA),8.416,ZafaV4
BASSE-POINTE,8.4005,Hackaert Sud
LORRAIN(LE),8.4,Aubergi
SAINTE-MARIE,8.399999999999999,S-5-1
SAINT-ESPRIT,8.299999999999999,Poulpru
GROS-MORNE,8.249999999999998,Zoya
TRINITE(LA),8.05,Soulka2
LORRAIN(LE),8.0394,Morne Etoile
LORRAIN(LE),8.028000000000002,Ver1
TRINITE(LA),7.909999999999999,Cons2
FRANCOIS(LE),7.76,Angel5
RIVIERE-SALEE,7.75,Riv2
MACOUBA,7.7337,Fonds Preville
RIVIERE-PILOTE,7.649999999999999,Z260
ROBERT(LE),7.532,Cal3
MACOUBA,7.5243,Cinquante Pas
SAINT-ESPRIT,7.5,PolinPC
RIVIERE-PILOTE,7.482999999999999,Morne Escarpe
GROS-MORNE,7.42,ConcombStV
SAINT-ESPRIT,7.24,Monl2
ROBERT(LE),7.218000000000001,Bou6
FRANCOIS(LE),7.215999999999999,Lamanzo
LAMENTIN(LE),7.2,Union
TRINITE(LA),7.199999999999999,BONVENT
RIVIERE-SALEE,7.1819999999999995,Morello2
ROBERT(LE),7.180000000000001,Pri2
SAINT-JOSEPH,7.119999999999999,Mathi2
AJOUPA BOUILLON,7.112,Dup1
SAINT-JOSEPH,7.104,Dang2
LORRAIN(LE),7.04,PoljoLt
DUCOS,7.006999999999998,Solb1
FRANCOIS(LE),7.000000000000001,Angel4
GROS-MORNE,6.955000000000001,Cartl5
GROS-MORNE,6.94,StMichel
SAINT-ESPRIT,6.923199999999998,Quartier La Nau
VAUCLIN(LE),6.900000000000006,M.Dorby
CARBET(LE),6.75,CapPoiv
SAINT-ESPRIT,6.72,Poulgo2
LORRAIN(LE),6.502000000000001,Zel1
AJOUPA BOUILLON,6.4,LUMENE
TRINITE(LA),6.360000000000001,Zaphaci
BASSE-POINTE,6.233599999999999,Cite Tapis Vert Ne21
LORRAIN(LE),6.12,Tom1
GROS-MORNE,6.029999999999999,CabaneBurg
MARIGOT(LE),6.006399999999999,Rue Madelon
LORRAIN(LE),5.973000000000001,Cas2
SAINT-PIERRE,5.920000000000001,Past5
ROBERT(LE),5.9129999999999985,Galette Vert Pre
FRANCOIS(LE),5.8999999999999995,Dalle
MARIGOT(LE),5.889999999999998,Sarah GASSETTE
AJOUPA BOUILLON,5.8,Hardy1
SAINTE-MARIE,5.8,S-1-1
ROBERT(LE),5.760000000000002,Pris1
MACOUBA,5.7336,Bellevue
TRINITE(LA),5.699999999999999,Zapha1
FONDS-SAINT-DENIS,5.58,Raphael
TRINITE(LA),5.58,Villa
MARIGOT(LE),5.52,Lan4
LORRAIN(LE),5.509899999999999,Bon Repos
TRINITE(LA),5.460799999999999,"9, lotissement les Dominants"
SAINT-JOSEPH,5.460000000000001,Pru1
LORRAIN(LE),5.4,Blondel La Rougerie
RIVIERE-PILOTE,5.3999999999999995,Zamord1
AJOUPA BOUILLON,5.3100000000000005,Valencia
RIVIERE-SALEE,5.180000000000001,Cer1
ROBERT(LE),5.09,Bou2
LORRAIN(LE),5.088,Lan4
SAINT-PIERRE,5.02,Lepa
TRINITE(LA),4.97,ZafaV5
LAMENTIN(LE),4.96,Bochet
SAINT-JOSEPH,4.950000000000001,Morin4
RIVIERE-SALEE,4.9412,47 rue Guedon
TRINITE(LA),4.91,Vey
ROBERT(LE),4.895,Cal4
SAINT-ESPRIT,4.872,St Ro
GRAND'RIVIERE,4.84,RemPom2
MACOUBA,4.8129,Quartier Terre Patate
AJOUPA BOUILLON,4.800000000000001,Plantain1
LAMENTIN(LE),4.770000000000001,Vier2
TRINITE(LA),4.76,Maximin1
SAINT-PIERRE,4.66,EugeneGomb
RIVIERE-PILOTE,4.64,Z329
SAINTE-MARIE,4.62,Gorse2
LORRAIN(LE),4.603800000000001,Bas Ceron
AJOUPA BOUILLON,4.6,PLACIDChou
TRINITE(LA),4.53,Molosse
SAINTE-MARIE,4.5,Largpim
AJOUPA BOUILLON,4.47,Plantain2
SAINT-PIERRE,4.44,Past3
LORRAIN(LE),4.422,Yera1
ROBERT(LE),4.3999999999999995,Rich2
MACOUBA,4.2462,Habitation Dupotiche
LAMENTIN(LE),4.212,Mart1
TRINITE(LA),4.176000000000001,Sing1
ROBERT(LE),4.172,Lir5
ROBERT(LE),4.16,Lau2
SAINT-JOSEPH,4.139999999999999,Lab1
FRANCOIS(LE),4.12,Pav2
RIVIERE-PILOTE,4.12,Maric
RIVIERE-SALEE,4.04,Cer2
FRANCOIS(LE),4.005,Angel10
LAMENTIN(LE),4,Desirade
LORRAIN(LE),3.968,Nes3
SAINT-ESPRIT,3.95,MPParc5
LORRAIN(LE),3.940000000000001,Yera3
BASSE-POINTE,3.9335999999999993,Hauteurs Dumas
LORRAIN(LE),3.9120000000000004,Zel4
SAINT-ESPRIT,3.88,Antibes2
FONDS-SAINT-DENIS,3.77,Asson
SAINT-ESPRIT,3.7080000000000006,Wil1
SAINTE-MARIE,3.68,Eloimer
SAINT-JOSEPH,3.666,Rizht
SAINT-PIERRE,3.5999999999999996,Maurij 2
ROBERT(LE),3.5768,Quartier Pontalery
SAINT-ESPRIT,3.5284999999999997,L'Avenir
MACOUBA,3.5185,Habitation Macouba
LORRAIN(LE),3.5,Hilde
SAINT-ESPRIT,3.5,Monl1
LORRAIN(LE),3.456,Cas3
LORRAIN(LE),3.4,Elci
SAINT-PIERRE,3.3800000000000003,Fils1
GROS-MORNE,3.36,Choux2StVi
SAINTE-MARIE,3.351000000000001,"853, Quartier Robin"
LORRAIN(LE),3.3490000000000006,Chr4
ROBERT(LE),3.3000000000000003,Rene2
DUCOS,3.2718,Bet C - Ne3 Les Clos des Orangers 34 rue des Orangers
GROS-MORNE,3.27,Choux1StVi
SAINT-ESPRIT,3.27,Theot4
GRAND'RIVIERE,3.236,"15, Lot. Beausejour"
ROBERT(LE),3.22,Lau3
MORNE-ROUGE(LE),3.21,Jlou1
SAINT-ESPRIT,3.2,POLINLt
SAINT-PIERRE,3.17,EugeneCour
FRANCOIS(LE),3.1500000000000004,Cenille3
SAINT-ESPRIT,3.1278,Quartier Bontemps Lacour
PRECHEUR(LE),3.105,EliAv
FRANCOIS(LE),3.0960000000000005,Eme
DUCOS,3.09,Jadin
SAINTE-MARIE,3.08,Juste2
FORT-DE-FRANCE,3.078,10 km route de Balata
GRAND'RIVIERE,3.0684,Beausejour
SAINTE-MARIE,3.0100000000000002,M. Glombard
ROBERT(LE),3.0029999999999997,Bou1
FRANCOIS(LE),3,Toto7
PRECHEUR(LE),2.972,BoulaiBD
ROBERT(LE),2.97,Rosago2
MORNE-ROUGE(LE),2.968,Arn1
LORRAIN(LE),2.9600000000000004,Vief
SAINTE-MARIE,2.94,Gorse4
GRAND'RIVIERE,2.8608,"7, Lot. Beausejour"
LAMENTIN(LE),2.856,Mart5
SAINT-PIERRE,2.8499999999999996,Bamb
SAINTE-MARIE,2.8299999999999996,Malo
LORRAIN(LE),2.8080000000000007,Chr3
SAINTE-MARIE,2.7840000000000003,Mora1
LORRAIN(LE),2.7600000000000002,T323
GROS-MORNE,2.75,Laury
SAINTE-MARIE,2.75,Eloiroute
SAINT-ESPRIT,2.74,MPParc1
SAINTE-MARIE,2.7359999999999993,Leo5
AJOUPA BOUILLON,2.704,Jean1
SAINTE-MARIE,2.7,Gorse1
SAINT-ESPRIT,2.6795999999999998,Bontemps Lacour
LAMENTIN(LE),2.672,Mart3
MORNE-ROUGE(LE),2.67,Arn2
SAINTE-MARIE,2.67,PatolPim
SAINT-ESPRIT,2.634,Theot2
SAINT-JOSEPH,2.6,pepiniere la lezard (cirad)
SAINT-ESPRIT,2.5999999999999988,ClaveauFoo
LORRAIN(LE),2.595,Villa 3 Residence  Claireville Seguineau
RIVIERE-PILOTE,2.56,Zamord2
BASSE-POINTE,2.5576,4 rue Albert Cretinoir (1 parcelle)
PRECHEUR(LE),2.55,EMF1
PRECHEUR(LE),2.55,EMF2
SAINT-JOSEPH,2.5200000000000014,Morin5
LAMENTIN(LE),2.52,Ilot18
TRINITE(LA),2.52,Maximin2
BASSE-POINTE,2.5035,Les Moubins
LORRAIN(LE),2.502,Zel5
SAINT-PIERRE,2.48,Eugene2
RIVIERE-PILOTE,2.460799999999999,Beaudelle
TRINITE(LA),2.46,Yerro6
FRANCOIS(LE),2.44,Toto5
MARIGOT(LE),2.4397999999999995,Papin
GROS-MORNE,2.4120000000000004,Let1
AJOUPA BOUILLON,2.4096000000000006,"2, Croix Laurence"
RIVIERE-SALEE,2.4,Riv1
ROBERT(LE),2.3799999999999994,Hippo1
AJOUPA BOUILLON,2.3760000000000012,Dup2
TRINITE(LA),2.361,ZafaV3
LORRAIN(LE),2.352,Cas1
LORRAIN(LE),2.348,Lan2
SAINT-ESPRIT,2.3463,Habitation Dieuzede
BASSE-POINTE,2.3400000000000003,Leyritz1
TRINITE(LA),2.329,ZafaV2
GRAND'RIVIERE,2.324,RemLM2
LORRAIN(LE),2.3196,Fond Gens Libres
SAINTE-MARIE,2.3000000000000003,Gorse3
SAINT-JOSEPH,2.289,BeliardFP
MORNE-ROUGE(LE),2.282,Jlou2
LORRAIN(LE),2.2800000000000002,Very2
SAINT-ESPRIT,2.28,Antibes1
LORRAIN(LE),2.272,MichAv
SAINT-ESPRIT,2.2667999999999995,Quartier Firmin
LORRAIN(LE),2.2399999999999998,Chr2
LAMENTIN(LE),2.2248,Residence Aqualina Appt 7
LORRAIN(LE),2.2229999999999994,Dond1
FRANCOIS(LE),2.19,Toto3
ROBERT(LE),2.17,Hippo3
GROS-MORNE,2.1500000000000004,Mass
SAINTE-MARIE,2.149,Mora2
FRANCOIS(LE),2.105,Angel11
FRANCOIS(LE),2.097,Angel6
DUCOS,2.08,Solb2
GRAND'RIVIERE,2.0678,Habitation Beausejour
SAINTE-MARIE,2.0340000000000003,Fix2
RIVIERE-PILOTE,2.0250000000000004,Roc
LORRAIN(LE),2.0123,Seguineau
ROBERT(LE),1.9500000000000002,Pris2
DUCOS,1.944,Pern2
BASSE-POINTE,1.9179999999999993,Hauteurs Bourdon
SAINTE-MARIE,1.896,Ica2
SAINTE-MARIE,1.8900000000000001,Laricher1
SAINTE-MARIE,1.88,CupitPimHt
LORRAIN(LE),1.8659999999999999,Very1
SAINTE-MARIE,1.84,Alov2
TRINITE(LA),1.8000000000000012,Sing3
SAINTE-MARIE,1.8,CupitPimBas
SAINT-PIERRE,1.8,Eugene1
ROBERT(LE),1.785,RosOr
GROS-MORNE,1.7699999999999998,Cartl6
FRANCOIS(LE),1.764,Pav3
GROS-MORNE,1.7604,Riviere Lezarde 1
MORNE-ROUGE(LE),1.7600000000000005,Zobei
SAINT-JOSEPH,1.76,CIRADG
LORRAIN(LE),1.737,Lan1
LAMENTIN(LE),1.7100000000000002,Mart4
SAINT-ESPRIT,1.707599999999999,Morne Babet
DUCOS,1.696,Vinc
LORRAIN(LE),1.694,Route de Fonds Massacre
MARIGOT(LE),1.6776,Rue Bas du Temple Dominante
SAINTE-MARIE,1.654,Ica3
GROS-MORNE,1.6536000000000004,10 Lot. Bois Lezard
LORRAIN(LE),1.6221999999999999,Morne Capot
PRECHEUR(LE),1.61,EMFLT
ROBERT(LE),1.61,Lir6
LORRAIN(LE),1.596,Zel
SAINTE-MARIE,1.5870000000000002,Kia1
Hors Martinique,1.573,Vay1
SAINT-PIERRE,1.56,Past2
LAMENTIN(LE),1.5470000000000002,709 Roches Carrees
SAINTE-MARIE,1.533,Dant
FRANCOIS(LE),1.532,Angel8
SAINT-JOSEPH,1.53,Quartier Bois du Parc
LORRAIN(LE),1.5250000000000001,Quartier Dorival
FRANCOIS(LE),1.5199999999999998,Angel9
MORNE-ROUGE(LE),1.506,Jlou4
SAINTE-MARIE,1.5000000000000009,Birb2
DUCOS,1.5,Sime2
SAINT-JOSEPH,1.5,Morin2
BASSE-POINTE,1.4996,Quartier Morne Balai
LAMENTIN(LE),1.492,Mart2
MORNE-ROUGE(LE),1.488,Jlou3
FRANCOIS(LE),1.479,Angel7
GROS-MORNE,1.4789999999999996,Cart10
TRINITE(LA),1.47,Cons1
MARIGOT(LE),1.467,19 Rue les Filaos de Bellevue
LORRAIN(LE),1.463,Plac1
LORRAIN(LE),1.4538,Le Bon Repos
GROS-MORNE,1.452,Cartl4
LORRAIN(LE),1.4400000000000002,T57
LORRAIN(LE),1.44,ELCINEChou
LORRAIN(LE),1.4249999999999998,Lan3
GROS-MORNE,1.42,AbatChou
GROS-MORNE,1.42,CARTESCoco
GROS-MORNE,1.4080000000000004,Cart7
SAINT-JOSEPH,1.3949999999999998,Lap4
DUCOS,1.36,Sime1
SAINTE-MARIE,1.3499999999999999,Fix1
SAINT-ESPRIT,1.344,Theot3
GROS-MORNE,1.3279999999999998,Grif1
GROS-MORNE,1.323,Tou2
SAINTE-MARIE,1.32,Alov1
AJOUPA BOUILLON,1.3108,"11, Lot. La Falaise"
RIVIERE-PILOTE,1.3005,Josseaud
ROBERT(LE),1.2797999999999998,Pri3
CARBET(LE),1.2739999999999998,Lub7
BASSE-POINTE,1.272,Rama1
MORNE-ROUGE(LE),1.26,Parna
ROBERT(LE),1.26,Pri4
SAINTE-MARIE,1.24,PatolBan
SAINTE-MARIE,1.235,Kia2
ROBERT(LE),1.2002,Mansarde Catalogne
BASSE-POINTE,1.1945999999999999,Morne Balai
VAUCLIN(LE),1.188,Varso
PRECHEUR(LE),1.146,RencLt1
PRECHEUR(LE),1.141,BoulaiBG
DUCOS,1.1249999999999998,Edm2
ROBERT(LE),1.1200000000000006,Prig
RIVIERE-SALEE,1.116,Leotu
RIVIERE-SALEE,1.113,Rec1
PRECHEUR(LE),1.112,BoulaiHG
LORRAIN(LE),1.1,T61
ROBERT(LE),1.1,Rene3
SAINTE-MARIE,1.1,Larggir
SAINT-PIERRE,1.1,Goyave
CARBET(LE),1.096,Gar2
PRECHEUR(LE),1.09,EMFConc
TRINITE(LA),1.0779999999999998,Yok2
GROS-MORNE,1.0675999999999997,Habitation la Thibaut
FRANCOIS(LE),1.05,Angel2
ROBERT(LE),1.0499999999999998,RosLt
PRECHEUR(LE),1.03,EMFOr
MORNE-ROUGE(LE),1.0200000000000007,Larade2
SAINT-JOSEPH,1.02,Morin3
GROS-MORNE,1.014,Cart5
LORRAIN(LE),1.012,Vie4
MORNE-ROUGE(LE),1.004,Nird2
GROS-MORNE,1.0034999999999998,Dominant
LORRAIN(LE),1,Passi
SAINT-PIERRE,1,Amable
LORRAIN(LE),0.9999999999999999,T55
MORNE-ROUGE(LE),0.9954000000000002,Fonds Guillet
AJOUPA BOUILLON,0.9698,Quartier Abandonne
TRINITE(LA),0.9672,"17, Lot. La Richard"
SAINT-PIERRE,0.96,Past1
BASSE-POINTE,0.936,Rama2
AJOUPA BOUILLON,0.9356,Lot. La Falaise
GROS-MORNE,0.924,Dorl 1
DUCOS,0.912,Faro2
SAINTE-MARIE,0.905,Mora3
MORNE-ROUGE(LE),0.9000000000000006,Mornepoh
SAINTE-MARIE,0.8999999999999999,Laricher2
SAINT-JOSEPH,0.8817999999999998,Ne80 Langellier Bellevue Ravine
BASSE-POINTE,0.88,Elis1
SAINT-PIERRE,0.88,Banane
BASSE-POINTE,0.8699999999999999,Elis3
RIVIERE-PILOTE,0.8615999999999998,"18, quartier Josseaud"
SAINTE-MARIE,0.86,Ravine
SAINTE-MARIE,0.8456,"1869, rue du Pave"
SAINTE-MARIE,0.8412,Felicite
MARIN(LE),0.8400000000000003,Eusta1
FRANCOIS(LE),0.8400000000000001,fruyapain
SAINTE-MARIE,0.84,Pam
LORRAIN(LE),0.8394000000000003,Macedoine
LORRAIN(LE),0.8150000000000001,Gam1
SAINTE-MARIE,0.8127999999999997,"Ne 547, Reculee"
SAINT-JOSEPH,0.8079999999999999,Cartl3
AJOUPA BOUILLON,0.8,Louis1
GROS-MORNE,0.7920000000000001,Cartl2
SAINT-PIERRE,0.7899,Saint-James
BASSE-POINTE,0.78,Elis2
TRINITE(LA),0.7779,Morne Poirier
TRINITE(LA),0.776,ZafaV1
ROBERT(LE),0.7649999999999999,Lir1
LORRAIN(LE),0.7500000000000001,Bart
GROS-MORNE,0.75,CARTESSap
LORRAIN(LE),0.72,Amin
MARIGOT(LE),0.72,HORTIPC2
MORNE-ROUGE(LE),0.7150000000000001,Parnasse
LAMENTIN(LE),0.708,Louij2
SAINT-ESPRIT,0.7056,Quartier La Suin
GROS-MORNE,0.7000000000000002,SimonHaut
LAMENTIN(LE),0.6959999999999998,Para
FRANCOIS(LE),0.6900000000000001,Cenille2
ROBERT(LE),0.68,Pris5
BASSE-POINTE,0.66,BourjPap
ROBERT(LE),0.66,Pris3
FRANCOIS(LE),0.65,Alci3
RIVIERE-PILOTE,0.6476000000000002,Quartier La Renee
LAMENTIN(LE),0.6450000000000005,Pinc
SAINT-PIERRE,0.64,Past4
SAINTE-MARIE,0.634,Ica1
BASSE-POINTE,0.6327999999999999,120 Hauteur Bourdon
Hors Martinique,0.6299999999999999,Vay2
DUCOS,0.613,AbdulGoy2
LAMENTIN(LE),0.6000000000000001,Entree
MARIGOT(LE),0.6,HORTILT2
SAINT-ESPRIT,0.6,ParcCochon
DUCOS,0.5696,Morne Vert
MORNE-ROUGE(LE),0.5632,Impasse de la Solitude
ROBERT(LE),0.5586,Chapelle Villarson
DUCOS,0.546,AbdulGoy1
FRANCOIS(LE),0.54,Bambou
FRANCOIS(LE),0.5399999999999999,Berton1
MORNE-ROUGE(LE),0.5399999999999999,Ada2
BASSE-POINTE,0.5312,Demare
DUCOS,0.53,Citron
LORRAIN(LE),0.5269999999999999,Fond Brele
LAMENTIN(LE),0.52,Gaigneron
DUCOS,0.5023999999999998,Grande Savane
FRANCOIS(LE),0.49000000000000005,Campeche1
MARIGOT(LE),0.485,"27, rue Bellevue"
DUCOS,0.48,Cocodjire1
ROBERT(LE),0.48,Pris6
SAINT-ESPRIT,0.4799999999999999,Degras1
PRECHEUR(LE),0.47,EMFPoiv
SAINT-ESPRIT,0.466,Theot1
LAMENTIN(LE),0.4605999999999999,Rive Chancel
FRANCOIS(LE),0.46000000000000013,Trianon
FRANCOIS(LE),0.4599999999999999,Ouk2
RIVIERE-PILOTE,0.45080000000000003,Josseaud RD 18
TRINITE(LA),0.44999999999999996,Monsieur
FORT-DE-FRANCE,0.4430000000000002,29 Rte de Ravine Vilaine
RIVIERE-PILOTE,0.44,Abat1
MARIGOT(LE),0.43999999999999995,Lan3
LAMENTIN(LE),0.4392,73 Domaine Roches Carrees
DUCOS,0.4378,Quartier Beauville
LAMENTIN(LE),0.4245,Riviere Caleeon
MARIGOT(LE),0.42,HORTIPC1
TRINITE(LA),0.41500000000000004,Belle3
BASSE-POINTE,0.4143999999999999,Quartier Demare
RIVIERE-PILOTE,0.40920000000000006,Desmartinieres
ROBERT(LE),0.406,Lir3
SAINT-JOSEPH,0.39999999999999997,LittePA
SAINT-JOSEPH,0.3932,"23, Lotissement Choisy"
MARIGOT(LE),0.39150000000000007,Fonds Dominique
ROBERT(LE),0.3900000000000001,Marie5
ROBERT(LE),0.39,Lau1
RIVIERE-SALEE,0.3887999999999999,Quartier Des Mangues
SAINT-ESPRIT,0.38799999999999996,Valatte
GROS-MORNE,0.3666,"3, Lot. Saint-Michel"
BASSE-POINTE,0.3659999999999999,28 Lot. les Anthuriums
SAINTE-MARIE,0.363,Dis3
MARIN(LE),0.36000000000000004,Amiens2
SAINT-ESPRIT,0.35720000000000013,Quartier Mathilde
SAINTE-MARIE,0.35700000000000004,Quartier Perou
LAMENTIN(LE),0.3505999999999999,Roches Carrees
SAINTE-MARIE,0.35000000000000003,Mariel1
SAINTE-MARIE,0.348,Case1
AJOUPA BOUILLON,0.3444,"Voie Ne3, Quartier Mille Pas"
LAMENTIN(LE),0.342,Mart6
MORNE-ROUGE(LE),0.342,Pela6
ROBERT(LE),0.334,RosGoy3
LORRAIN(LE),0.332,Vie3
TRINITE(LA),0.33,Marv1
FRANCOIS(LE),0.328,Cour
DUCOS,0.323,24 Lot. Morne Coco
SAINTE-MARIE,0.32,Eloi3
SAINTE-MARIE,0.318,Dis2
TRINITE(LA),0.3158,Quartier Plaisable
LORRAIN(LE),0.3054,Plateau Morne Capot 1
DUCOS,0.3,ABDULPC
LORRAIN(LE),0.2919,Fond Grand Anse
GROS-MORNE,0.2915999999999999,Chemin de Duverger
RIVIERE-SALEE,0.291,Rec2
RIVIERE-PILOTE,0.2898,Quartier Regale
AJOUPA BOUILLON,0.28880000000000006,Quartier Sance
CARBET(LE),0.2856,"9, Allee des Manguiers"
ROBERT(LE),0.282,RosGoy2
GROS-MORNE,0.28,Yerro3
RIVIERE-PILOTE,0.28,Abatfe
PRECHEUR(LE),0.278,EMFPim
SAINT-JOSEPH,0.27499999999999997,Cartl1
FRANCOIS(LE),0.272,Belli1
MORNE-ROUGE(LE),0.272,Dev2
TRINITE(LA),0.27,Marie1
DIAMANT(LE),0.26880000000000004,Morne Pavillon
MORNE-ROUGE(LE),0.264,Pela1
MARIGOT(LE),0.252,HORTIKUM
MARIGOT(LE),0.25,HORTILT1
ROBERT(LE),0.24939999999999996,Quartier Galette Vert Pre
AJOUPA BOUILLON,0.24320000000000003,Dufailly
GROS-MORNE,0.24000000000000002,SimonBas
MORNE-VERT(LE),0.24000000000000002,Cestor1
GROS-MORNE,0.24,Ego1
LORRAIN(LE),0.24,Pample
SAINTE-MARIE,0.24,Dol1
DUCOS,0.23999999999999996,Mass2
GRAND'RIVIERE,0.23999999999999996,Oranger
BASSE-POINTE,0.23799999999999993,"126, Hauteurs Bourdon"
MORNE-ROUGE(LE),0.23759999999999984,Ormes1
GROS-MORNE,0.236,Let2
MACOUBA,0.2355,Lot. Sainte-Anne
TRINITE(LA),0.228,Yok1
DUCOS,0.22639999999999996,Fond Marie Rose
VAUCLIN(LE),0.22499999999999995,Quartier Cocotte
ROBERT(LE),0.22080000000000002, Vert Pre Robert
GROS-MORNE,0.2196,Bois d'Inde
SAINTE-MARIE,0.218,Dis1
AJOUPA BOUILLON,0.2169,"179, Quartier Sance"
DUCOS,0.21100000000000002,Quartier Baringthon
ROBERT(LE),0.21000000000000002,Pri8
GROS-MORNE,0.21,DENEL
ROBERT(LE),0.21,Pris4
BASSE-POINTE,0.20879999999999999,Demarre
ROBERT(LE),0.203,RosPC
BASSE-POINTE,0.2,Capron1
GROS-MORNE,0.2,CARTESLt
PRECHEUR(LE),0.2,RanciotGi
SAINT-JOSEPH,0.2,LittePD
MORNE-ROUGE(LE),0.19979999999999998,Plateau Sable
LAMENTIN(LE),0.19799999999999995,8 rue Leopold Bissol
LAMENTIN(LE),0.1974,966 Grand Champ
LAMENTIN(LE),0.196,Louij3
FONDS-SAINT-DENIS,0.1959999999999999,Trou Vent
MARIGOT(LE),0.195,HORTIRAMB
MARIGOT(LE),0.1944,24 Grand Chemin
MORNE-ROUGE(LE),0.192,Pela4
MORNE-ROUGE(LE),0.18699999999999997,504 Route de Lajus
VAUCLIN(LE),0.1824,Carriere
SAINT-JOSEPH,0.1812,57 quartier Salubre
AJOUPA BOUILLON,0.18000000000000005,Cas4
SAINTE-MARIE,0.18000000000000005,Leo4
SAINT-JOSEPH,0.18,Morin1
MARIGOT(LE),0.177,HORTILT5
SAINT-JOSEPH,0.177,CIRADMa
PRECHEUR(LE),0.176,Elim2
MORNE-ROUGE(LE),0.1715999999999999,P74-1
MORNE-ROUGE(LE),0.16599999999999998,Savane Petit
GROS-MORNE,0.1649999999999999,Sar1
RIVIERE-SALEE,0.1649999999999999,Delem
VAUCLIN(LE),0.1649999999999999,Goya3
MORNE-ROUGE(LE),0.1648,Petite Savane
DUCOS,0.16,ABDULPyt
MARIGOT(LE),0.16,Lan2
LAMENTIN(LE),0.158,Louij1
MORNE-ROUGE(LE),0.1578,Quartier Zobeede
SAINT-JOSEPH,0.15510000000000002,La Jambette
PRECHEUR(LE),0.155,Ant3
SAINT-ESPRIT,0.155,AbdulOr
MORNE-ROUGE(LE),0.152,Dev1
SAINT-ESPRIT,0.152,ABDULRamb
GROS-MORNE,0.15000000000000002,CARTESGoy
SAINTE-MARIE,0.15,Dol2
LORRAIN(LE),0.14900000000000002,Morne Bois
AJOUPA BOUILLON,0.1484999999999999,Lim4
MORNE-ROUGE(LE),0.14579999999999996,Haut du Morne
TRINITE(LA),0.14550000000000002,Tracee
AJOUPA BOUILLON,0.144,Mille Pas
MORNE-ROUGE(LE),0.144,Dev3
DIAMANT(LE),0.141,24 Lot. Anse Bleu
AJOUPA BOUILLON,0.13859999999999992,Aime1
AJOUPA BOUILLON,0.13859999999999992,Massol2
MARIGOT(LE),0.138,HORTILT7
SAINT-ESPRIT,0.138,AbdulGoy3
CARBET(LE),0.1372,"4, Allee Celin"
VAUCLIN(LE),0.135,Pin
MARIGOT(LE),0.134,HORTILT3
DUCOS,0.13199999999999992,SoukCoc1
LORRAIN(LE),0.13,Gam2
DUCOS,0.128,ABDULPim
BASSE-POINTE,0.12539999999999993,Leyritz2
BASSE-POINTE,0.1251,Madelonnette
FRANCOIS(LE),0.124,Belli2
VAUCLIN(LE),0.12200000000000003,Quartier Boe
LORRAIN(LE),0.1204,Vive
MORNE-ROUGE(LE),0.12000000000000001,Pela5
AJOUPA BOUILLON,0.12,Louis2
CARBET(LE),0.12,Desh3
DUCOS,0.12,Mass1
FRANCOIS(LE),0.12,Angel3
MARIN(LE),0.12,Amiens4
SAINT-ESPRIT,0.11580000000000001,Grand Bassin Saint Esprit
MORNE-ROUGE(LE),0.1148,Champflor
LAMENTIN(LE),0.1144,Ne 750 rue de Californie
MORNE-ROUGE(LE),0.11219999999999994,Larade1
RIVIERE-SALEE,0.112,Abra
TRINITE(LA),0.112,Belle2
DUCOS,0.1108,971 Route de Fond Brele
DUCOS,0.11,ABDULPap
DUCOS,0.10819999999999999,Rue du Bakoua
SAINT-ESPRIT,0.10779999999999999,Gueydon
VAUCLIN(LE),0.10559999999999994,Fel2
RIVIERE-PILOTE,0.10030000000000003,Avenue Frantz Fanon
TRINITE(LA),0.0998,Quartier Desforts
ROBERT(LE),0.099,Quartier La Haut
AJOUPA BOUILLON,0.09899999999999995,Grangerac3
LAMENTIN(LE),0.09720000000000002,570 Lot. Long-Pre
FRANCOIS(LE),0.09619999999999998,Hauteur Bellevue
CARBET(LE),0.096,Lub8
AJOUPA BOUILLON,0.09239999999999995,PlaimonA
RIVIERE-PILOTE,0.09239999999999995,Desorme1
SAINT-JOSEPH,0.09239999999999995,C635
SAINT-JOSEPH,0.0904,310 Chemin Derriere Bois
SAINT-JOSEPH,0.09,Bastel2
SAINT-PIERRE,0.09,Dech1
DUCOS,0.08909999999999996,Faro1
AJOUPA BOUILLON,0.08579999999999996,PlaimonB
MARIGOT(LE),0.08579999999999996,Leo1
MORNE-ROUGE(LE),0.08579999999999996,Chan10
MORNE-ROUGE(LE),0.08579999999999996,Dam1
ROBERT(LE),0.08579999999999996,Augu1
GROS-MORNE,0.0856,Ne 29 Lot. Bois Lezard
MARIN(LE),0.08489999999999999,Cap Bois Neuf
AJOUPA BOUILLON,0.0848,Adinet
LORRAIN(LE),0.0837,Cheneau
MARIN(LE),0.08249999999999996,Usim
TRINITE(LA),0.08249999999999996,Sing2
AJOUPA BOUILLON,0.08,Piscine
GROS-MORNE,0.08,Cart6
MORNE-ROUGE(LE),0.08,Pela3
SAINT-PIERRE,0.08,NestonGomb
FONDS-SAINT-DENIS,0.07919999999999996,Dome2
MORNE-ROUGE(LE),0.07919999999999996,Bab
MORNE-ROUGE(LE),0.07919999999999996,P73
SAINTE-ANNE,0.07919999999999996,Mal1
SAINTE-LUCE,0.07919999999999996,Morav1
SAINTE-MARIE,0.07919999999999996,Case2
MARIGOT(LE),0.0784,Quartier Dominante
GROS-MORNE,0.07839999999999998,Dessaint
FORT-DE-FRANCE,0.07819999999999999,110 Tivoli Post Colon
SAINTE-MARIE,0.078,Dis4
FRANCOIS(LE),0.07589999999999997,Ouk
GROS-MORNE,0.07589999999999997,Fardi4
PRECHEUR(LE),0.07400000000000001,Lot. Charmeuse
LORRAIN(LE),0.074,ElcineTom
LORRAIN(LE),0.0738,Morne Lorrain
DUCOS,0.0736,918 route de Bois Rouge
FRANCOIS(LE),0.07259999999999997,Ber1
GROS-MORNE,0.07259999999999997,Pasc1
MORNE-ROUGE(LE),0.07259999999999997,Dev4
MORNE-ROUGE(LE),0.07259999999999997,Osme3
SAINT-ESPRIT,0.07259999999999997,Mac2
SAINT-JOSEPH,0.07259999999999997,Querbel2
SAINT-PIERRE,0.07259999999999997,Achille
MORNE-ROUGE(LE),0.072,Fond Cacao Ne 26
FRANCOIS(LE),0.07100000000000001,Dumaine
LORRAIN(LE),0.0708,Domaine de La Crabiere
LORRAIN(LE),0.0704,Quartier Macedoine
SAINTE-MARIE,0.07,Bor1
AJOUPA BOUILLON,0.0696,"28, Croix Laurence"
AJOUPA BOUILLON,0.06929999999999997,Aime4
AJOUPA BOUILLON,0.06929999999999997,Aime5
GROS-MORNE,0.06929999999999997,Alen1
SAINTE-ANNE,0.06929999999999997,Pol
SAINT-PIERRE,0.06929999999999997,Bab
TRINITE(LA),0.069,Les Hauts de Cosmy
SAINT-PIERRE,0.0688,2 rue Clavius Marius
AJOUPA BOUILLON,0.06820000000000001,Abandonne
SAINTE-MARIE,0.0667,Fourniols
SAINTE-MARIE,0.06599999999999999,BillardPap
AJOUPA BOUILLON,0.06599999999999998,Aime2
MORNE-ROUGE(LE),0.06599999999999998,Chan8
MORNE-ROUGE(LE),0.06599999999999998,Mauri
MORNE-VERT(LE),0.06599999999999998,Sergi
VAUCLIN(LE),0.06599999999999998,Goya2
VAUCLIN(LE),0.06599999999999998,Piv
BASSE-POINTE,0.065,"41, Morne Balai"
SAINT-JOSEPH,0.06459999999999999,Residence Bambou Duchamp
MARIGOT(LE),0.064,HORTICAR
GROS-MORNE,0.06300000000000001,Morne des Olives
GROS-MORNE,0.06269999999999998,Plateau
GROS-MORNE,0.06269999999999998,Tou1
MARIN(LE),0.06269999999999998,Pilon
SAINT-JOSEPH,0.06269999999999998,628a
SCHOELCHER,0.06269999999999998,Verin2
TRINITE(LA),0.06269999999999998,Mariel3
MORNE-ROUGE(LE),0.06079999999999999,Fond Marie-Reine
FRANCOIS(LE),0.06,Gran3
SAINT-ESPRIT,0.06,Adru
SAINT-ESPRIT,0.06,Duval
SAINT-JOSEPH,0.06,BeliardLT
SAINT-JOSEPH,0.06,Lap3
AJOUPA BOUILLON,0.05939999999999998,Aime3
AJOUPA BOUILLON,0.05939999999999998,Grangerac2
AJOUPA BOUILLON,0.05939999999999998,Massol1
AJOUPA BOUILLON,0.05939999999999998,PlaimonC
AJOUPA BOUILLON,0.05939999999999998,PlaimonD
AJOUPA BOUILLON,0.05939999999999998,Saint1
FRANCOIS(LE),0.05939999999999998,Edmo1
FRANCOIS(LE),0.05939999999999998,Ouk1
MORNE-ROUGE(LE),0.05939999999999998,Leo1
MORNE-VERT(LE),0.05939999999999998,Edgar
ROBERT(LE),0.05939999999999998,Cite
SAINTE-MARIE,0.05939999999999998,Leo2
VAUCLIN(LE),0.05939999999999998,Faula2
LAMENTIN(LE),0.05900000000000001,197 Lot de Source
FRANCOIS(LE),0.05609999999999998,Edmo3
SAINTE-LUCE,0.05609999999999998,Morav3
SAINT-JOSEPH,0.05609999999999998,Querbel1
VAUCLIN(LE),0.05609999999999998,Vero3
RIVIERE-PILOTE,0.056,Josseau
ROBERT(LE),0.05519999999999997,8 Rue Gerard Nouvet
ROBERT(LE),0.05400000000000001,9 Rue Gerard Nouvet
GROS-MORNE,0.054,Rin3
AJOUPA BOUILLON,0.052799999999999986,Grangerac1
BELLEFONTAINE,0.052799999999999986,Boulang3
CARBET(LE),0.052799999999999986,Osme1
FRANCOIS(LE),0.052799999999999986,Nay2
FRANCOIS(LE),0.052799999999999986,Xalo3
GROS-MORNE,0.052799999999999986,Audinay
GROS-MORNE,0.052799999999999986,Bel3
GROS-MORNE,0.052799999999999986,Fardi2
LORRAIN(LE),0.052799999999999986,Abou
MARIGOT(LE),0.052799999999999986,Martiny
MARIN(LE),0.052799999999999986,Val2
MORNE-ROUGE(LE),0.052799999999999986,Da2
PRECHEUR(LE),0.052799999999999986,Nad1
RIVIERE-PILOTE,0.052799999999999986,Edmond
SAINTE-ANNE,0.052799999999999986,Edm1
SAINTE-ANNE,0.052799999999999986,Gus1
SAINTE-LUCE,0.052799999999999986,Morav4
SAINT-ESPRIT,0.052799999999999986,Pros
SAINT-JOSEPH,0.052799999999999986,Far1
SAINT-JOSEPH,0.052799999999999986,Hau
SAINT-JOSEPH,0.052799999999999986,Luc1
LAMENTIN(LE),0.052600000000000015,167 Lot. Petite Riviere
SAINT-PIERRE,0.0524,4145 Sainte Philomene
DUCOS,0.05220000000000002,Ne826 Route de Bois Rouge
TRINITE(LA),0.052,Desforts
SAINTE-MARIE,0.0519,300 Impasse Man Doudou
FRANCOIS(LE),0.051600000000000014,Reunion Sud
GRAND'RIVIERE,0.0508,"2, rue Anatole TAVERNY"
SAINT-PIERRE,0.050499999999999996,Quartier Les Trois Ponts
SAINTE-LUCE,0.05000000000000001,Trois Rivieres
LAMENTIN(LE),0.05,Per
GROS-MORNE,0.04949999999999999,Cabri
GROS-MORNE,0.04949999999999999,Ros1
PRECHEUR(LE),0.04949999999999999,Gallia1
SAINTE-LUCE,0.04949999999999999,Wil3
SAINTE-LUCE,0.04949999999999999,Wil4
SAINTE-MARIE,0.04949999999999999,Birb1
SAINT-ESPRIT,0.04949999999999999,Mac1
LORRAIN(LE),0.0492,Vallon Voie Ne1
VAUCLIN(LE),0.047599999999999996,Quartier Humbert
SAINT-JOSEPH,0.04729999999999999,Quartier la Durand
MORNE-ROUGE(LE),0.04679999999999998,"70, Savane Petit"
DIAMANT(LE),0.04619999999999999,Marief5
DUCOS,0.04619999999999999,SoukCoc2
FRANCOIS(LE),0.04619999999999999,Ber3
GRAND'RIVIERE,0.04619999999999999,RemPom1
GROS-MORNE,0.04619999999999999,Cart9
GROS-MORNE,0.04619999999999999,Pasc2
GROS-MORNE,0.04619999999999999,Sar2
MORNE-ROUGE(LE),0.04619999999999999,Lim2
MORNE-ROUGE(LE),0.04619999999999999,Micolo
MORNE-VERT(LE),0.04619999999999999,Cantor
RIVIERE-PILOTE,0.04619999999999999,Desorme3
RIVIERE-PILOTE,0.04619999999999999,MaunyOr
RIVIERE-SALEE,0.04619999999999999,Tibe2
ROBERT(LE),0.04619999999999999,Augu2
SAINT-JOSEPH,0.04619999999999999,C630
SAINT-JOSEPH,0.04619999999999999,Yerro1
DIAMANT(LE),0.046,Quartier Thoraille
DUCOS,0.046,Duch
MARIGOT(LE),0.046,Grand Degras
LAMENTIN(LE),0.0456,2051 Chemin Daubert
TRINITE(LA),0.0455,Petite Riviere Salee
CASE-PILOTE,0.044,Dor2
MARIGOT(LE),0.044,HORTILT6
TRINITE(LA),0.043000000000000003,Bonneville
DUCOS,0.042899999999999994,Mass3
FRANCOIS(LE),0.042899999999999994,CFAA2
RIVIERE-SALEE,0.042899999999999994,Tibe1
ROBERT(LE),0.042899999999999994,Pri1
SAINTE-LUCE,0.042899999999999994,Aglae2
SAINTE-LUCE,0.042899999999999994,Morav5
SAINT-ESPRIT,0.042899999999999994,Boye1
SAINT-JOSEPH,0.042899999999999994,Luc2
DIAMANT(LE),0.04200000000000003,Quartier Ancinel
RIVIERE-PILOTE,0.04200000000000003,Quartier Prefontaine
SAINT-ESPRIT,0.04200000000000003,Quartier Regale
SAINT-JOSEPH,0.042,Belle Etoile
SAINT-JOSEPH,0.041900000000000014,574 chemin L'Habitue
ROBERT(LE),0.0415,Quartier Bois Neuf
FRANCOIS(LE),0.0414,Chemin Choco
LAMENTIN(LE),0.040299999999999996,81 chemin Trefle chemin Dupuy Roches Carrees
DUCOS,0.04000000000000003,145  Rue Tolobe
CARBET(LE),0.04,Desh1
AJOUPA BOUILLON,0.039599999999999996,Saint2
FRANCOIS(LE),0.039599999999999996,Edmo2
FRANCOIS(LE),0.039599999999999996,Nay1
GROS-MORNE,0.039599999999999996,Bel4
GROS-MORNE,0.039599999999999996,Habita
LORRAIN(LE),0.039599999999999996,Grapre
MORNE-ROUGE(LE),0.039599999999999996,Bamboux
MORNE-ROUGE(LE),0.039599999999999996,Chan9
MORNE-ROUGE(LE),0.039599999999999996,Lim1
MORNE-ROUGE(LE),0.039599999999999996,Monv1
PRECHEUR(LE),0.039599999999999996,Gallia3
RIVIERE-PILOTE,0.039599999999999996,Edmon
RIVIERE-PILOTE,0.039599999999999996,MaunyPom
RIVIERE-PILOTE,0.039599999999999996,Moust
ROBERT(LE),0.039599999999999996,Pri5
SAINTE-ANNE,0.039599999999999996,Edm2
SAINT-JOSEPH,0.039599999999999996,Dondin
SAINT-JOSEPH,0.039599999999999996,Vie1
TRINITE(LA),0.039599999999999996,Marie2
VAUCLIN(LE),0.039599999999999996,Desorme5
VAUCLIN(LE),0.039599999999999996,Faula1
VAUCLIN(LE),0.039599999999999996,Hardy5
SAINT-PIERRE,0.0392,Trois Ponts
LORRAIN(LE),0.0391,Morne Vallon
GROS-MORNE,0.039,Les Deux Terres
ROBERT(LE),0.039,Zabeth
SCHOELCHER,0.038900000000000004,"4, Residence Les Alizes de la Bateliere"
MORNE-VERT(LE),0.0382,Quartier Saint-Maurice Ouest
CARBET(LE),0.0378,"26, Chemin du Figuier"
TRINITE(LA),0.0376,Quartier Tracee
ROBERT(LE),0.0368,Quartier Cadette 2
FRANCOIS(LE),0.0363,Monner1
GROS-MORNE,0.0363,Clod4
GROS-MORNE,0.0363,Dorl 2
GROS-MORNE,0.0363,Fardi3
ROBERT(LE),0.0363,Etang
ROBERT(LE),0.0363,Rene4
SAINTE-ANNE,0.0363,Malsa1
SAINT-ESPRIT,0.0363,Num4
SAINT-JOSEPH,0.0363,BeliardChrist
TRINITE(LA),0.0363,Bring
TRINITE(LA),0.0363,Mariel2
VAUCLIN(LE),0.0363,Bernus1
RIVIERE-PILOTE,0.03600000000000001,412 l'Escouet
RIVIERE-PILOTE,0.035600000000000014,Prefontaine
SAINT-JOSEPH,0.0346,"196, Derriere Bois"
SAINTE-LUCE,0.03400000000000002,Quartier Jacques
SAINTE-MARIE,0.03400000000000001,"19, Lotissement la Falaise"
GROS-MORNE,0.033999999999999996,Chemin Poirier
RIVIERE-PILOTE,0.0336,Morne Honore
BASSE-POINTE,0.033,LebielFP1
CARBET(LE),0.033,Ces1
CARBET(LE),0.033,Moustf2
CARBET(LE),0.033,Osme2
DUCOS,0.033,Edm1
GROS-MORNE,0.033,Bel2
GROS-MORNE,0.033,Cart4
MARIGOT(LE),0.033,Leo3
MARIN(LE),0.033,Eusta2
MARIN(LE),0.033,Val3
MORNE-ROUGE(LE),0.033,Da1
MORNE-ROUGE(LE),0.033,Lacledach
MORNE-ROUGE(LE),0.033,Nird1
PRECHEUR(LE),0.033,Ant2
SAINTE-LUCE,0.033,louisy1
SAINTE-MARIE,0.033,Severin
SAINT-JOSEPH,0.033,Luc5
VAUCLIN(LE),0.033,Grande Case
FRANCOIS(LE),0.0328,Quartier Saint Roc
LAMENTIN(LE),0.0328,Quartier Plaisance
GROS-MORNE,0.03200000000000002,Cete d'Or
GROS-MORNE,0.032,Rin1
LAMENTIN(LE),0.031200000000000002,Quartier Beleme
DUCOS,0.030799999999999984,Lot. Petit Parc
SAINT-ESPRIT,0.0301,Quartier Gueydon
ROBERT(LE),0.03000000000000002,Pointe Lynch
SAINT-ESPRIT,0.03000000000000002,Morne Vent
SAINT-JOSEPH,0.03,Lap2
SAINT-JOSEPH,0.03,"Ne 120, Chemin L'Etang"
LAMENTIN(LE),0.029999999999999995,Ne 680 Quartier Beleme
BELLEFONTAINE,0.029700000000000004,Prix1
CARBET(LE),0.029700000000000004,Ama
CARBET(LE),0.029700000000000004,CapAub
FRANCOIS(LE),0.029700000000000004,Bonnaire
FRANCOIS(LE),0.029700000000000004,Gallion1
GROS-MORNE,0.029700000000000004,Bel1
GROS-MORNE,0.029700000000000004,Ros2
LAMENTIN(LE),0.029700000000000004,Beleme
LAMENTIN(LE),0.029700000000000004,Fort1
PRECHEUR(LE),0.029700000000000004,Elk
PRECHEUR(LE),0.029700000000000004,Rod1
ROBERT(LE),0.029700000000000004,Pri9
SAINTE-LUCE,0.029700000000000004,Morav6
SAINTE-MARIE,0.029700000000000004,S-3-1
SAINT-ESPRIT,0.029700000000000004,Num5
SAINT-JOSEPH,0.029700000000000004,Jos2
VAUCLIN(LE),0.029700000000000004,Desorme4
VAUCLIN(LE),0.029700000000000004,Fel1
VAUCLIN(LE),0.029700000000000004,Sab1
SAINTE-ANNE,0.029400000000000016,Bareto
SAINT-JOSEPH,0.029399999999999996,Gondeau
SAINT-JOSEPH,0.02900000000000002,Quartier Bois du Parc Ne758
LAMENTIN(LE),0.029,Pres de Jeanne d'Arc
FRANCOIS(LE),0.0288,Pointe Thalemont
BELLEFONTAINE,0.028600000000000004,Fond Laillet
VAUCLIN(LE),0.028000000000000018,Union
MARIGOT(LE),0.027099999999999996,Habitation Charpentier
DIAMANT(LE),0.027000000000000003,Habitation Jacqua
BASSE-POINTE,0.026400000000000003,BourjPimBS
BELLEFONTAINE,0.026400000000000003,Bel1
CARBET(LE),0.026400000000000003,Ces15
CARBET(LE),0.026400000000000003,Madk3
DUCOS,0.026400000000000003,Bdan2
DUCOS,0.026400000000000003,Fort2
DUCOS,0.026400000000000003,Lami1
FONDS-SAINT-DENIS,0.026400000000000003,Dome1
FONDS-SAINT-DENIS,0.026400000000000003,Dome3
GROS-MORNE,0.026400000000000003,Aze1
GROS-MORNE,0.026400000000000003,Bellero2
GROS-MORNE,0.026400000000000003,Bellero3
GROS-MORNE,0.026400000000000003,Cart2
GROS-MORNE,0.026400000000000003,Clod1
GROS-MORNE,0.026400000000000003,Mairie1
GROS-MORNE,0.026400000000000003,Mairie2
GROS-MORNE,0.026400000000000003,SousBanane
LAMENTIN(LE),0.026400000000000003,Lime3
LORRAIN(LE),0.026400000000000003,Ver2
MORNE-ROUGE(LE),0.026400000000000003,Dam2
MORNE-ROUGE(LE),0.026400000000000003,Jean
MORNE-ROUGE(LE),0.026400000000000003,Ormes2
RIVIERE-PILOTE,0.026400000000000003,Desorme2
ROBERT(LE),0.026400000000000003,Con1
SAINTE-ANNE,0.026400000000000003,Gus2
SAINTE-MARIE,0.026400000000000003,Bor2
SAINTE-MARIE,0.026400000000000003,PaladTom
SAINT-JOSEPH,0.026400000000000003,C629
SAINT-JOSEPH,0.026400000000000003,Vie2
VAUCLIN(LE),0.026400000000000003,Goya1
ANSES-D'ARLET(LES),0.026000000000000016,Quartier Mapou
BELLEFONTAINE,0.026000000000000016,Quartier Jeannot
RIVIERE-PILOTE,0.026000000000000016,Croix Code
DUCOS,0.026,"13, Lot. Les Hauts de Baringthon"
LAMENTIN(LE),0.026,LegtaOr
DUCOS,0.0253,Genipa
ANSES-D'ARLET(LES),0.025000000000000015,La Sucrerie
DUCOS,0.025000000000000015,Bois Neuf
SAINTE-LUCE,0.025000000000000015,Bois d'Inde
TROIS-ILETS(LES),0.025000000000000015,Passe-Mon-Temps
DUCOS,0.025,Pern1
ROBERT(LE),0.024900000000000002,Fond Brele
AJOUPA BOUILLON,0.0248,Vieux Cacao
LAMENTIN(LE),0.0244,Ecole de Long Pre
GROS-MORNE,0.024200000000000003,Riviere Lezarde
FRANCOIS(LE),0.024000000000000014,Morne Acajou
ROBERT(LE),0.024000000000000014,28 Allee des Moubins
TRINITE(LA),0.024000000000000014,Chemin Pointe Marcussy
VAUCLIN(LE),0.024000000000000007,Montagne
SAINTE-MARIE,0.024,Cite Union
LAMENTIN(LE),0.023999999999999997,Ne710 Quartier Roches Carrees
SAINT-JOSEPH,0.023999999999999997,44 Fond Destreilles
BELLEFONTAINE,0.023100000000000002,Prix2
CARBET(LE),0.023100000000000002,Cestor2
CARBET(LE),0.023100000000000002,Lub6
CARBET(LE),0.023100000000000002,Sacha2
DUCOS,0.023100000000000002,Manzo
DUCOS,0.023100000000000002,Num2
FONDS-SAINT-DENIS,0.023100000000000002,Phil1
FRANCOIS(LE),0.023100000000000002,Gilo
GRAND'RIVIERE,0.023100000000000002,Borval2
GROS-MORNE,0.023100000000000002,Alen2
GROS-MORNE,0.023100000000000002,Alen3
GROS-MORNE,0.023100000000000002,Ego2
LAMENTIN(LE),0.023100000000000002,Vier1
LORRAIN(LE),0.023100000000000002,Galv
ROBERT(LE),0.023100000000000002,Pri6
SAINTE-LUCE,0.023100000000000002,Monlouis3
SAINTE-MARIE,0.023100000000000002,Boni1
SAINT-JOSEPH,0.023100000000000002,628b
SAINT-JOSEPH,0.023100000000000002,BeliardAb
SAINT-JOSEPH,0.023100000000000002,BeliardGoy1
SAINT-JOSEPH,0.023100000000000002,Luc3
SAINT-PIERRE,0.023100000000000002,Maurij 1
TRINITE(LA),0.023100000000000002,wor2
DUCOS,0.023000000000000007,Bois-Neuf
LAMENTIN(LE),0.023000000000000003,Pelletier
MARIGOT(LE),0.022900000000000004,Habitation Lagrange
SAINT-ESPRIT,0.022399999999999993,Quartier Fonds Coulisses
SAINT-ESPRIT,0.022399999999999993,Quartier Moquette
MARIGOT(LE),0.0221,Duhamelin
ANSES-D'ARLET(LES),0.022000000000000013,Gallochat
RIVIERE-PILOTE,0.022000000000000013,Desruisseaux
TROIS-ILETS(LES),0.022000000000000013,La Pagerie
MARIGOT(LE),0.022,"4, rue Charpentier"
AJOUPA BOUILLON,0.021600000000000005,Quartier Adinet
CASE-PILOTE,0.02100000000000001,Lot. Les Citronnelles
DUCOS,0.02100000000000001,71 rue Edgard Francietta
FORT-DE-FRANCE,0.02100000000000001,Ne50 rue du Galion
SAINT-ESPRIT,0.021,"4, Chemin Placide"
FONDS-SAINT-DENIS,0.020800000000000006,Riviere Mahault
LAMENTIN(LE),0.02000000000000001,Quartier Durand La Croix
RIVIERE-SALEE,0.02000000000000001,Desmarinieres
SAINTE-ANNE,0.02000000000000001,Habitation Beauregard
SAINT-PIERRE,0.020000000000000004,Sainte Philomene
MORNE-ROUGE(LE),0.02,Louis-The
VAUCLIN(LE),0.02,Morne Raquette
AJOUPA BOUILLON,0.0198,Anno1
AJOUPA BOUILLON,0.0198,Lim6
CARBET(LE),0.0198,Ces10
CARBET(LE),0.0198,Feli1
CARBET(LE),0.0198,Lub1
CASE-PILOTE,0.0198,Serb
FRANCOIS(LE),0.0198,Alci1
FRANCOIS(LE),0.0198,Angel1
FRANCOIS(LE),0.0198,Baz
FRANCOIS(LE),0.0198,Dun1
FRANCOIS(LE),0.0198,Xalo2
GROS-MORNE,0.0198,Ananas
GROS-MORNE,0.0198,Aze2
LAMENTIN(LE),0.0198,Lime1
LORRAIN(LE),0.0198,Der
MARIN(LE),0.0198,Amiens3
MORNE-VERT(LE),0.0198,Boulang1
MORNE-VERT(LE),0.0198,Boutel
MORNE-VERT(LE),0.0198,Canthym
MORNE-VERT(LE),0.0198,Cantorad
PRECHEUR(LE),0.0198,Elim1
RIVIERE-SALEE,0.0198,Laur2
ROBERT(LE),0.0198,Marie4
SAINTE-ANNE,0.0198,Edm4
SAINTE-ANNE,0.0198,Germ
SAINTE-ANNE,0.0198,Roux
SAINTE-LUCE,0.0198,Monlouis2
SAINTE-MARIE,0.0198,Coss1
SAINTE-MARIE,0.0198,Jdd2
SAINT-ESPRIT,0.0198,Degras2
SAINT-ESPRIT,0.0198,Num3
SAINT-JOSEPH,0.0198,Beliardgoy2
SAINT-JOSEPH,0.0198,Bor
SAINT-PIERRE,0.0198,Maurij 3
SCHOELCHER,0.0198,Jult
SCHOELCHER,0.0198,Verin1
SAINT-ESPRIT,0.0192,"18, Lot. La Carreau"
DUCOS,0.01900000000000001,Syndic
SAINT-JOSEPH,0.019000000000000003,184 Allee Choco
SAINT-JOSEPH,0.018900000000000007,Chemin Choco
ROBERT(LE),0.018900000000000004,Quartier Cadet
FONDS-SAINT-DENIS,0.01800000000000001,Fonds Mascret
RIVIERE-PILOTE,0.01800000000000001,Quartier Massonville
RIVIERE-SALEE,0.01800000000000001,Quartier Regale
SAINT-JOSEPH,0.01800000000000001,50 Chemin Bois Neuf Monrose
VAUCLIN(LE),0.01800000000000001,Desruisseaux
VAUCLIN(LE),0.01800000000000001,Quartier Placide
LAMENTIN(LE),0.018000000000000002,522 Long Bois
SAINT-JOSEPH,0.018000000000000002,5 Lot. Petit Berry
GROS-MORNE,0.018,Bois Lezards
DUCOS,0.017800000000000003,"Bois-Neuf, Duchetel"
AJOUPA BOUILLON,0.0176,25 quartier Adinet
SAINTE-MARIE,0.0176,Quartier Eudorcait
LAMENTIN(LE),0.0171,Bourg
FRANCOIS(LE),0.017000000000000008,Quartier Bissette
GROS-MORNE,0.017000000000000008,Croix Odilon
MARIN(LE),0.017000000000000008,Quartier Macabou
RIVIERE-PILOTE,0.017000000000000008,133 Quartier Saint Vincent
SAINT-ESPRIT,0.016899999999999995,Chemin du Sapotillier
LAMENTIN(LE),0.016600000000000004,Residence Morne Pavillon LCR
MARIGOT(LE),0.0166,La Pointe
BELLEFONTAINE,0.0165,Bel2
BELLEFONTAINE,0.0165,Franpime
BELLEFONTAINE,0.0165,Servpre
CARBET(LE),0.0165,CapGomb
CARBET(LE),0.0165,Cestor3
CARBET(LE),0.0165,Gat2
CARBET(LE),0.0165,Hye1
CARBET(LE),0.0165,Lub12
CARBET(LE),0.0165,Madk2
DIAMANT(LE),0.0165,Marief1
DIAMANT(LE),0.0165,Marief2
DIAMANT(LE),0.0165,Marief4
DUCOS,0.0165,Petit Bourg
FORT-DE-FRANCE,0.0165,8 Tivoli Post Colon
FRANCOIS(LE),0.0165,Cet2
FRANCOIS(LE),0.0165,CFAA1
FRANCOIS(LE),0.0165,Dun2
FRANCOIS(LE),0.0165,Gran1
FRANCOIS(LE),0.0165,Toto2
GROS-MORNE,0.0165,Bon2
GROS-MORNE,0.0165,CUPITPap
GROS-MORNE,0.0165,Ros3
GROS-MORNE,0.0165,Voc
LAMENTIN(LE),0.0165,Mouf 2
MARIN(LE),0.0165,Tommaso2
PRECHEUR(LE),0.0165,Ant1
PRECHEUR(LE),0.0165,B181
PRECHEUR(LE),0.0165,Gallia2
PRECHEUR(LE),0.0165,Jur1
PRECHEUR(LE),0.0165,More
RIVIERE-PILOTE,0.0165,Cher
RIVIERE-PILOTE,0.0165,Zamord3
RIVIERE-PILOTE,0.0165,Zamord4
RIVIERE-SALEE,0.0165,Boye2
RIVIERE-SALEE,0.0165,Laur1
ROBERT(LE),0.0165,Moo1
ROBERT(LE),0.0165,Rene1
SAINTE-ANNE,0.0165,Edm3
SAINTE-LUCE,0.0165,louisy2
SAINTE-MARIE,0.0165,Boni2
SAINT-JOSEPH,0.0165,Clav3
SAINT-JOSEPH,0.0165,Lap1
SAINT-PIERRE,0.0165,Dech3
SAINT-PIERRE,0.0165,Lof
SCHOELCHER,0.0165,Almo
SCHOELCHER,0.0165,Bern1
TRINITE(LA),0.0165,Belle1
TRINITE(LA),0.0165,Mass
TRINITE(LA),0.0165,Moo4
VAUCLIN(LE),0.0165,Conv1
VAUCLIN(LE),0.0165,Hardy2
VAUCLIN(LE),0.0165,Sab2
MARIGOT(LE),0.0162,Rue Fleury
FRANCOIS(LE),0.016000000000000007,Bonny
ROBERT(LE),0.016000000000000007,Fonds d'Or
SAINT-ESPRIT,0.016000000000000007,Residence Bois Tibeau
VAUCLIN(LE),0.016000000000000007,Cadette
DUCOS,0.016,34 avenue Marc Andre
SAINTE-MARIE,0.016,2112 Route de Reculee
MORNE-ROUGE(LE),0.0156,Lot. Haut Morne
LAMENTIN(LE),0.015200000000000002,Grande Case Ne303
FRANCOIS(LE),0.015000000000000006,Pointe Courchet
MARIN(LE),0.015000000000000006,Morne Rouge
MORNE-VERT(LE),0.015000000000000006,Quartier La Croix
PRECHEUR(LE),0.015000000000000006,Preville
RIVIERE-SALEE,0.015000000000000006,Quartier La Renee
SCHOELCHER,0.014600000000000004,Terreville
FRANCOIS(LE),0.014400000000000001,Quartier Dumaine
AJOUPA BOUILLON,0.0144,Ravine des Saints
GROS-MORNE,0.014299999999999997,Poirier
DUCOS,0.014000000000000005,Grande Savane ne 915
GROS-MORNE,0.014000000000000005,Flamboyant
SAINT-JOSEPH,0.014000000000000005,Quartier La Croix
MARIGOT(LE),0.014,HORTILT4
RIVIERE-PILOTE,0.014,Pont Madeleine
BASSE-POINTE,0.0138,"24, Demare"
SAINTE-MARIE,0.0136,Saint Jacques
BELLEFONTAINE,0.0132,Bel3
CARBET(LE),0.0132,Ces5
CARBET(LE),0.0132,CLPTom1
CARBET(LE),0.0132,Desh2
CARBET(LE),0.0132,Fam
CARBET(LE),0.0132,Hye2
CARBET(LE),0.0132,Mousts4
CARBET(LE),0.0132,Pierto
CASE-PILOTE,0.0132,Dor1
DUCOS,0.0132,Fanch
FRANCOIS(LE),0.0132,Alci
FRANCOIS(LE),0.0132,Berton2
FRANCOIS(LE),0.0132,Cet1
FRANCOIS(LE),0.0132,Hangar
FRANCOIS(LE),0.0132,Xalo1
GROS-MORNE,0.0132,Bellero1
GROS-MORNE,0.0132,Bon1
GROS-MORNE,0.0132,Cart1
GROS-MORNE,0.0132,Clod2
GROS-MORNE,0.0132,Clod3
GROS-MORNE,0.0132,CUPITChou
GROS-MORNE,0.0132,Fardi1
GROS-MORNE,0.0132,Rin2
GROS-MORNE,0.0132,Verger
Hors Martinique,0.0132,Vay3
LAMENTIN(LE),0.0132,Lime2
LAMENTIN(LE),0.0132,Nieg1
MARIN(LE),0.0132,Amiens5
MARIN(LE),0.0132,Fil2
MARIN(LE),0.0132,Val1
MORNE-ROUGE(LE),0.0132,Cha1
MORNE-ROUGE(LE),0.0132,Lim3
MORNE-ROUGE(LE),0.0132,P74-2
MORNE-VERT(LE),0.0132,Cat
MORNE-VERT(LE),0.0132,Marignan
PRECHEUR(LE),0.0132,Jur2
RIVIERE-PILOTE,0.0132,Smi1
ROBERT(LE),0.0132,Hippo2
ROBERT(LE),0.0132,RosGoy4
ROBERT(LE),0.0132,ti moun
SAINTE-ANNE,0.0132,Boyer
SAINTE-ANNE,0.0132,Edm5
SAINTE-MARIE,0.0132,Case3
SAINTE-MARIE,0.0132,Jdd1
SAINTE-MARIE,0.0132,Pjc2
SAINT-ESPRIT,0.0132,Poulgo3
SAINT-JOSEPH,0.0132,LittePB
SAINT-JOSEPH,0.0132,ne75 L'hermitage la croix
SAINT-JOSEPH,0.0132,Phe
SAINT-JOSEPH,0.0132,Trouda1
SAINT-JOSEPH,0.0132,Trouda2
SAINT-PIERRE,0.0132,Fils2
SAINT-PIERRE,0.0132,Phil2
TRINITE(LA),0.0132,Marv2
TRINITE(LA),0.0132,Pasco
TRINITE(LA),0.0132,Soulka3
VAUCLIN(LE),0.0132,Hardy3
VAUCLIN(LE),0.0132,Hardy4
VAUCLIN(LE),0.0132,MLouiseMang
VAUCLIN(LE),0.0132,Tes1
VAUCLIN(LE),0.0132,Vero2
CARBET(LE),0.013000000000000005,"360, Chemin Vie Mazi"
CARBET(LE),0.013000000000000005,Ne1076 route de Belfond
DUCOS,0.013000000000000005,Bel Event
FRANCOIS(LE),0.013000000000000005,Quartier Morne Carriere
LAMENTIN(LE),0.013000000000000005,Quartier Bossou
RIVIERE-PILOTE,0.013000000000000005,Quartier Lescouet
SAINT-JOSEPH,0.013000000000000005,18 rue Marius Hurard
SAINT-JOSEPH,0.013000000000000005,"574, Chemin L'Etang"
SAINT-JOSEPH,0.013000000000000005,"99, Vallee Heureuse"
TRINITE(LA),0.013000000000000005,"23, Lot. Brin d'Amour"
FONDS-SAINT-DENIS,0.012999999999999998,La Croix
SAINTE-MARIE,0.012999999999999998,Riviere Romanette
SAINT-JOSEPH,0.012899999999999998,Derriere Bois
AJOUPA BOUILLON,0.0128,Quartier Vieux Cacao
SAINTE-MARIE,0.0128,Recule
LAMENTIN(LE),0.0126,200 Lotissement Grand Case
LORRAIN(LE),0.0125,5 rue du Tabac
ANSES-D'ARLET(LES),0.012000000000000004,La Plaine
DUCOS,0.012000000000000004,"1298, Route de Durivage"
FORT-DE-FRANCE,0.012000000000000004,306 B Route de Redoute
FORT-DE-FRANCE,0.012000000000000004,BP 7024
GROS-MORNE,0.012000000000000004,Chemin Bois Lezard
GROS-MORNE,0.012000000000000004,Lot. Denel
GROS-MORNE,0.012000000000000004,Riviere Lezarde Ne1
MORNE-VERT(LE),0.012000000000000004,Montjoly
PRECHEUR(LE),0.012000000000000004,Habitation Boisville
SCHOELCHER,0.012000000000000004,Haut Ravine Touza
VAUCLIN(LE),0.012000000000000004,Quartier Bellevue
LORRAIN(LE),0.012,Morne Ceron
GROS-MORNE,0.011999999999999999,Chemin Barre d'Englebernes
SAINTE-ANNE,0.0115,Cap Chevalier
SAINT-PIERRE,0.011200000000000002,Habitation Beausejour
GRAND'RIVIERE,0.0111,Perriolat
ANSES-D'ARLET(LES),0.011000000000000003,Cassiere
FORT-DE-FRANCE,0.011000000000000003,158 Route de Ravine Vilaine
FRANCOIS(LE),0.011000000000000003,Pointe Couchee
MARIN(LE),0.011000000000000003,Bellevue
RIVIERE-SALEE,0.011000000000000003,"1298, Route de Durivage"
SAINTE-ANNE,0.011000000000000003,Route du Cap Chevalier
SAINT-JOSEPH,0.011000000000000003,Morne des Olives
SAINT-PIERRE,0.011000000000000003,Perinelle
SCHOELCHER,0.011000000000000003,"56, route des Benedictins"
TROIS-ILETS(LES),0.011000000000000003,Rue Jules Ferry
LAMENTIN(LE),0.011000000000000001,Long Bois
ROBERT(LE),0.010799999999999999,Fonds Brele
SAINT-PIERRE,0.010799999999999999,Allee Pecoul
DIAMANT(LE),0.0104,Quartier Chalopin
LORRAIN(LE),0.0104,Fond Grand Anse Sud
LORRAIN(LE),0.0104,Morne Degras
VAUCLIN(LE),0.0104,Quartier Ducassous
FONDS-SAINT-DENIS,0.0102,Quartier Bel Oncle
ANSES-D'ARLET(LES),0.010000000000000002,"6, impasse des Lauriers"
ANSES-D'ARLET(LES),0.010000000000000002,Quartier Bas Morne
ANSES-D'ARLET(LES),0.010000000000000002,Route de Bas Morne
BELLEFONTAINE,0.010000000000000002,Rue Varin de la Bruneliere
BELLEFONTAINE,0.010000000000000002,Verrier
CASE-PILOTE,0.010000000000000002,"34, Lot. Anse Bellune"
CASE-PILOTE,0.010000000000000002,Micolo Abymes
DUCOS,0.010000000000000002,"302, Morne Adrien"
DUCOS,0.010000000000000002,Quartier Saint Roc
FONDS-SAINT-DENIS,0.010000000000000002,Morne des Cadets
GROS-MORNE,0.010000000000000002,92 BP
LAMENTIN(LE),0.010000000000000002,48 Bis Tivoli Morne Laurent
MORNE-ROUGE(LE),0.010000000000000002,Fond Rose
RIVIERE-PILOTE,0.010000000000000002,Debat
RIVIERE-SALEE,0.010000000000000002,"29, Lotissement Les Orangers"
ROBERT(LE),0.010000000000000002,Duchene
SAINTE-ANNE,0.010000000000000002,Barriere La Croix
SAINTE-ANNE,0.010000000000000002,Habitation Petit Versailles
SAINTE-MARIE,0.010000000000000002,Rue Felix 2
SAINT-ESPRIT,0.010000000000000002,Bontemps-Lacour
SAINT-JOSEPH,0.010000000000000002,Hermitage la Croix
TRINITE(LA),0.01,wor1
ROBERT(LE),0.009999999999999998,Ermitage
VAUCLIN(LE),0.0099,"4 bis, Lot. Le Point de Vue"
AJOUPA BOUILLON,0.009899999999999999,Anno2
AJOUPA BOUILLON,0.009899999999999999,Lim5
BELLEFONTAINE,0.009899999999999999,Servpers
CARBET(LE),0.009899999999999999,Bapt
CARBET(LE),0.009899999999999999,Ces2
CARBET(LE),0.009899999999999999,Ces3
CARBET(LE),0.009899999999999999,CestorAub
CARBET(LE),0.009899999999999999,CLPTom2
CARBET(LE),0.009899999999999999,Esta1
CARBET(LE),0.009899999999999999,Esta2
CARBET(LE),0.009899999999999999,Feli2
CARBET(LE),0.009899999999999999,Lub10
CARBET(LE),0.009899999999999999,Lub11
CARBET(LE),0.009899999999999999,Lub3
CARBET(LE),0.009899999999999999,Mousts1
CARBET(LE),0.009899999999999999,Mousts2
CASE-PILOTE,0.009899999999999999,Donv
DUCOS,0.009899999999999999,Bdan1
DUCOS,0.009899999999999999,Bdan3
DUCOS,0.009899999999999999,Fort3
DUCOS,0.009899999999999999,Num1
FRANCOIS(LE),0.009899999999999999,Gallion2
FRANCOIS(LE),0.009899999999999999,Monner2
LAMENTIN(LE),0.009899999999999999,Chemin Catherine
LAMENTIN(LE),0.009899999999999999,LegtaPom2
LAMENTIN(LE),0.009899999999999999,Mouf 1
MARIN(LE),0.009899999999999999,Amiens1
MARIN(LE),0.009899999999999999,Fil1
PRECHEUR(LE),0.009899999999999999,BoulaiHD
PRECHEUR(LE),0.009899999999999999,Nad2
ROBERT(LE),0.009899999999999999,Lir4
ROBERT(LE),0.009899999999999999,Pri7
ROBERT(LE),0.009899999999999999,Rosago1
ROBERT(LE),0.009899999999999999,RosGomb
SAINTE-LUCE,0.009899999999999999,Monlouis1
SAINTE-LUCE,0.009899999999999999,Morav2
SAINTE-MARIE,0.009899999999999999,PatolGomb
SAINT-ESPRIT,0.009899999999999999,Coq
SAINT-ESPRIT,0.009899999999999999,Num6
SAINT-JOSEPH,0.009899999999999999,Aug
SAINT-JOSEPH,0.009899999999999999,Clav1
SAINT-JOSEPH,0.009899999999999999,Monge
SAINT-JOSEPH,0.009899999999999999,Yerro2
SAINT-PIERRE,0.009899999999999999,Dech2
SAINT-PIERRE,0.009899999999999999,Dech4
VAUCLIN(LE),0.009899999999999999,Hardy6
VAUCLIN(LE),0.009899999999999999,Hardy7
VAUCLIN(LE),0.009899999999999999,Hardy8
VAUCLIN(LE),0.009899999999999999,Hardyf
VAUCLIN(LE),0.009899999999999999,MLouisePC
ROBERT(LE),0.0097,Quartier Voltaire
SAINT-ESPRIT,0.009600000000000001,Lot. Les Frangipaniers Ne 43
TRINITE(LA),0.0096,Quartier Bassignac
DUCOS,0.0095,Bois Rouge
SAINT-ESPRIT,0.0094,Quartier Bois Blanc
LAMENTIN(LE),0.0091,Grand Case
ANSES-D'ARLET(LES),0.009000000000000001,Anse Dufour
ANSES-D'ARLET(LES),0.009000000000000001,Quartier Fonds Fleury - Le Longuet
CASE-PILOTE,0.009000000000000001,1 km route de Grand Fond
DUCOS,0.009000000000000001,1129 Chemin Acajou Prolonge
DUCOS,0.009000000000000001,Morne Carette
FRANCOIS(LE),0.009000000000000001,"50, Domaine de Petite France"
LAMENTIN(LE),0.009000000000000001,1129 Chemin Acajou Prolonge
MARIN(LE),0.009000000000000001,Morne Gommier
MARIN(LE),0.009000000000000001,Morne Sulpice
RIVIERE-PILOTE,0.009000000000000001,2  Allee du Precipice
FRANCOIS(LE),0.0088,Vapeur Est 1
LORRAIN(LE),0.0088,Dorival
LORRAIN(LE),0.0088,Morne Savon
VAUCLIN(LE),0.0088,Morne Carriere
LORRAIN(LE),0.0087,Route de Morne Ceron
FRANCOIS(LE),0.008499999999999999,1 Impasse du Manioc
LAMENTIN(LE),0.0084,349 Chemin des Bambous
LORRAIN(LE),0.0084,Route du Morne Ceron
MORNE-ROUGE(LE),0.0084,SICA Champflore
ROBERT(LE),0.0084,Bois Desir
GROS-MORNE,0.0082,Chemin Magnan
ANSES-D'ARLET(LES),0.008,Bas Morne
ANSES-D'ARLET(LES),0.008,Quartier Fonds Fleury
DUCOS,0.008,731 route de Grande Savane
FORT-DE-FRANCE,0.008,68 route de Redoute
GROS-MORNE,0.008,Dumaine
LAMENTIN(LE),0.008,La Maugee
MARIN(LE),0.008,Quartier Robin
MORNE-VERT(LE),0.008,Quartier Bernadette
RIVIERE-PILOTE,0.008,Mare Capron
SAINTE-ANNE,0.008,Creve-ceur
SAINTE-ANNE,0.008,Val d'or
SAINTE-LUCE,0.008,Quartier Blanchard
SAINT-JOSEPH,0.008,311 Chemin Choco
SCHOELCHER,0.008,Rue des Campeches
TRINITE(LA),0.008,"24, Lot. Brin d'Amour"
TRINITE(LA),0.008,5 chemin Desmarinieres
DIAMANT(LE),0.0072,Quartier Longuet
MORNE-ROUGE(LE),0.0072,Camp Chazeau
DUCOS,0.007,134 Impasse des Lys
DUCOS,0.007,51 Allee des Papayers
DUCOS,0.007,"Ne 298, route de Grande Savane"
FORT-DE-FRANCE,0.007,265 route de Balata
FRANCOIS(LE),0.007,Bellevue
GROS-MORNE,0.007,Glotin
GROS-MORNE,0.007,Route de la Vierge
LAMENTIN(LE),0.007,13 Val de Floreal
MARIN(LE),0.007,Fond Debasses
MARIN(LE),0.007,Morne Courbaril
MORNE-ROUGE(LE),0.007,Quartier Rue Lucie
RIVIERE-SALEE,0.007,26 lot. Les Trois Poiriers
ROBERT(LE),0.007,201 chemin Pontalery 2
SAINTE-ANNE,0.007,Fond Repos
SAINTE-LUCE,0.007,Bellevue
SAINTE-LUCE,0.007,Monesie
SAINT-ESPRIT,0.007,Habitation Peter Maillet
SAINT-JOSEPH,0.007,"300, Chemin Morne des Olives"
SAINT-PIERRE,0.007,Habitation Perinelle
SCHOELCHER,0.007,Ravine Touza
TROIS-ILETS(LES),0.007,"29, Hameau de Pagerie"
SAINT-ESPRIT,0.0068,Grand Bassin
BASSE-POINTE,0.0066,BourjPimHT
BELLEFONTAINE,0.0066,Boulang2
CARBET(LE),0.0066,Ces4
CARBET(LE),0.0066,Ces6
CARBET(LE),0.0066,CestorD
CARBET(LE),0.0066,CestorG
CARBET(LE),0.0066,CGTom1
CARBET(LE),0.0066,CGTom2
CARBET(LE),0.0066,CGTom3
CARBET(LE),0.0066,Deni1
CARBET(LE),0.0066,Deni2
CARBET(LE),0.0066,Desh4
CARBET(LE),0.0066,Hautdumorn
CARBET(LE),0.0066,HenriGi
CARBET(LE),0.0066,HenriPa
CARBET(LE),0.0066,HenriTo
CARBET(LE),0.0066,Jos
CARBET(LE),0.0066,Jos3
CARBET(LE),0.0066,Jos4
CARBET(LE),0.0066,Lub2
CARBET(LE),0.0066,Lub5
CARBET(LE),0.0066,Madk1
CARBET(LE),0.0066,Mousts3
CARBET(LE),0.0066,Pierau
CARBET(LE),0.0066,Sacha1
CASE-PILOTE,0.0066,CATGomb
CASE-PILOTE,0.0066,CATPim
CASE-PILOTE,0.0066,Esat2
DIAMANT(LE),0.0066,Marief3
DUCOS,0.0066,Fort4
FONDS-SAINT-DENIS,0.0066,Cafe
FRANCOIS(LE),0.0066,Gran2
GROS-MORNE,0.0066,Camonbas
GROS-MORNE,0.0066,Camonht
GROS-MORNE,0.0066,Coco
LAMENTIN(LE),0.0066,BourChou
LAMENTIN(LE),0.0066,Gaigne
LAMENTIN(LE),0.0066,LegtaPom1
LAMENTIN(LE),0.0066,Prai2
LORRAIN(LE),0.0066,Ver3
MARIN(LE),0.0066,Tommaso1
MORNE-ROUGE(LE),0.0066,Ada1
MORNE-VERT(LE),0.0066,Cantobion
MORNE-VERT(LE),0.0066,Dello2
ROBERT(LE),0.0066,Lir2
ROBERT(LE),0.0066,Marie3
ROBERT(LE),0.0066,Moo2
ROBERT(LE),0.0066,Moo3
ROBERT(LE),0.0066,Rich1
ROBERT(LE),0.0066,RosPim
SAINTE-ANNE,0.0066,Galliot
SAINTE-LUCE,0.0066,Aglae
SAINTE-LUCE,0.0066,Jeanbaptis
SAINTE-MARIE,0.0066,Billardchou
SAINTE-MARIE,0.0066,Pjc1
SAINT-ESPRIT,0.0066,AbdulMang
SAINT-JOSEPH,0.0066,Clav2
SAINT-JOSEPH,0.0066,Jos3
SCHOELCHER,0.0066,File
TRINITE(LA),0.0066,Mouf
TRINITE(LA),0.0066,ZafaV6
TRINITE(LA),0.0066,ZafaV7
VAUCLIN(LE),0.0066,Conv2
VAUCLIN(LE),0.0066,Hardy1
AJOUPA BOUILLON,0.0064,"30, route de Grande Savane"
MARIGOT(LE),0.0062,Route de Bellevue
DUCOS,0.006060000000000001,Riviere Pierre
ANSES-D'ARLET(LES),0.006,Sika
CARBET(LE),0.006,"712, Quartier Bel Event"
CASE-PILOTE,0.006,"13, Lot. Les Citronnelles"
CASE-PILOTE,0.006,Fond Bourlet
DIAMANT(LE),0.006,Bitaille
DIAMANT(LE),0.006,Rue Andre Aliker
DUCOS,0.006,Quartier Durivage - Maison 1012
FORT-DE-FRANCE,0.006,Jambette
GROS-MORNE,0.006,Quartier Bois Neuf
LAMENTIN(LE),0.006,8 lot. Habitation Bois Carre
LAMENTIN(LE),0.006,Croisee Palmiste
LAMENTIN(LE),0.006,Quartier Cadet
MARIN(LE),0.006,Habitation Grand Fonds
MORNE-VERT(LE),0.006,Bois Lezard
MORNE-VERT(LE),0.006,Jolimont
MORNE-VERT(LE),0.006,Quartier Canton Suisse
MORNE-VERT(LE),0.006,Quartier Jolimont
MORNE-VERT(LE),0.006,Quartier Saint-Maurice
RIVIERE-PILOTE,0.006,14 rue Victor 97229
RIVIERE-PILOTE,0.006,Pointe Athanase
RIVIERE-PILOTE,0.006,Quartier Debat
RIVIERE-PILOTE,0.006,Renee
SAINTE-MARIE,0.006,Rue Square du Cheteau d'eau Bezaudin
SAINT-JOSEPH,0.006, 286 Residence Le Balleu
SAINT-JOSEPH,0.006,"349, Chemin Fonds Epingles"
SAINT-JOSEPH,0.006,Ne4 Quartier Derriere Bois
SAINT-JOSEPH,0.006,Quartier Hetel des Plaisirs
TRINITE(LA),0.006,Californie ne 207
TROIS-ILETS(LES),0.006,"13a, Lot. Hameau d'Alet"
TROIS-ILETS(LES),0.006,La Plaine
TROIS-ILETS(LES),0.006,L'Anse e l'Ane
VAUCLIN(LE),0.006,Quartier Union
RIVIERE-SALEE,0.005999999999999999,Guinee-Fleury
MARIN(LE),0.0056,Cap Beauchene
MORNE-VERT(LE),0.0056,Bel Event
SAINT-PIERRE,0.0054,"2199, Saint-James"
SAINT-JOSEPH,0.005300000000000001,Quartier Salubre
DIAMANT(LE),0.005,Taupiniere
DUCOS,0.005,"11, Avenue Franeois Mitterrand"
DUCOS,0.005,"61, impasse des Palmiers"
DUCOS,0.005,"645, Route de Durivage"
DUCOS,0.005,Croix Rivail
FORT-DE-FRANCE,0.005,5 km route de Redoute
FRANCOIS(LE),0.005,Morne Pitault
GROS-MORNE,0.005,Quartier Morne Vaudin
LAMENTIN(LE),0.005,Morne Pavillon
MARIN(LE),0.005,Mare Capron
MARIN(LE),0.005,Montgerald
PRECHEUR(LE),0.005,Cite Pohi
RIVIERE-PILOTE,0.005,Escarvaille
RIVIERE-PILOTE,0.005,Quartier Marianne
RIVIERE-PILOTE,0.005,Ravine Acajou
RIVIERE-SALEE,0.005,Habitation Trenelle
RIVIERE-SALEE,0.005,Monesie
RIVIERE-SALEE,0.005,Route de Monesie
RIVIERE-SALEE,0.005,Thoraille
SAINT-ESPRIT,0.005,Morne la Valeur
SAINT-ESPRIT,0.005,Quartier Dieuzede
SAINT-JOSEPH,0.005,"435, Chemin Choco"
SAINT-JOSEPH,0.005,Ne 247 Chemin Rosiere Ne1
SAINT-JOSEPH,0.005,Ne 800 Quartier Choco
SAINT-PIERRE,0.005,Morne aux Beufs
SCHOELCHER,0.005,"72, Rue du Petit Florentin"
SCHOELCHER,0.005,"95, Route de Terreville"
TRINITE(LA),0.005,"0,8 Km Quartier Tracee"
TROIS-ILETS(LES),0.005,La Beaufond
VAUCLIN(LE),0.005,"2, Quartier Bel Air"
VAUCLIN(LE),0.005,"3, Lot. Les Hauts de Sigy"
VAUCLIN(LE),0.005,Quartier Petit Perou
SAINTE-MARIE,0.0048000000000000004,130 route de nouveau quartier Recule
SAINTE-MARIE,0.0048,"987, Saint-Jacques - RN1"
SAINT-JOSEPH,0.0048,Presqu'ele
SAINT-PIERRE,0.0045000000000000005,Morne d'Orange
AJOUPA BOUILLON,0.004,Deschamps
ANSES-D'ARLET(LES),0.004,Mapou
BELLEFONTAINE,0.004,Cheval Blanc
CARBET(LE),0.004,Bout Bois
CARBET(LE),0.004,Quartier Lajus
CASE-PILOTE,0.004,"10, Lot. La Caraebe"
CASE-PILOTE,0.004,"128, Lot. La Caraebe"
CASE-PILOTE,0.004,Ne 21 Lot. Les Citronnelles
DUCOS,0.004,"1170, rue des orangers"
DUCOS,0.004,"Ne 394, Grande Savane"
DUCOS,0.004,Quartier Lourdes
FORT-DE-FRANCE,0.004,"8,5 km Impasse Bareme"
GROS-MORNE,0.004,Cite de Briand 204 Balisiers
GROS-MORNE,0.004,Riviere Lezarde Ne2
LAMENTIN(LE),0.004,Chemin Zephir
LAMENTIN(LE),0.004,Plaisance
MARIGOT(LE),0.004,Dominante
MARIGOT(LE),0.004,Durocher
MORNE-VERT(LE),0.004,Caplet
MORNE-VERT(LE),0.004,Plateau Roy
PRECHEUR(LE),0.004,Chambolo
PRECHEUR(LE),0.004,La Girard
PRECHEUR(LE),0.004,Les Abymes
PRECHEUR(LE),0.004,Morne Folie
RIVIERE-PILOTE,0.004,Gervais
RIVIERE-PILOTE,0.004,Quartier Bellay
RIVIERE-SALEE,0.004,Chemin des Mangues
RIVIERE-SALEE,0.004,Desmariniere
RIVIERE-SALEE,0.004,Quartier Fonds Masson
ROBERT(LE),0.004,Quartier Raisin
SAINTE-ANNE,0.004,Les Hauts Etages
SAINTE-LUCE,0.004,"30, Lot. Ixora"
SAINTE-LUCE,0.004,Les Coteaux
SAINT-ESPRIT,0.004,Bois Blanc
SAINT-ESPRIT,0.004,Quartier Suin
SAINT-PIERRE,0.004,"12, Morne des Cadets"
SCHOELCHER,0.004,Ne49 bis route de Demarche
TRINITE(LA),0.004,Desmarinieres
TRINITE(LA),0.004,Route de Desforts Est
TROIS-ILETS(LES),0.004,Quartier La Ferme
TROIS-ILETS(LES),0.004,Rue Poinsettia
ROBERT(LE),0.0039,470 m Chemin Pontalery Ne 2
FORT-DE-FRANCE,0.0036,Ravine Vilaine
BELLEFONTAINE,0.0033,Francive
CARBET(LE),0.0033,Bauz1
CARBET(LE),0.0033,Bauz2
CARBET(LE),0.0033,Bauz3
CARBET(LE),0.0033,CestorM
CARBET(LE),0.0033,CestorPim1
CARBET(LE),0.0033,CestorPim2
CARBET(LE),0.0033,CGMang
CARBET(LE),0.0033,CLPTom3
CARBET(LE),0.0033,CLPTom4
CARBET(LE),0.0033,CLPTom5
CARBET(LE),0.0033,Gar1
CARBET(LE),0.0033,HenriGo
CARBET(LE),0.0033,Jos2
CARBET(LE),0.0033,Lub4
CARBET(LE),0.0033,Lub9
CARBET(LE),0.0033,Moustf1
CARBET(LE),0.0033,Toma
CASE-PILOTE,0.0033,CATChou
CASE-PILOTE,0.0033,Esat1
CASE-PILOTE,0.0033,Esat3
CASE-PILOTE,0.0033,ExiAub
CASE-PILOTE,0.0033,ExiPim
DUCOS,0.0033,Cocobas2
DUCOS,0.0033,Veau
FRANCOIS(LE),0.0033,Toto6
GRAND'RIVIERE,0.0033,BorvalHaut
GROS-MORNE,0.0033,Cart3
GROS-MORNE,0.0033,Lislet
LAMENTIN(LE),0.0033,Nieg3
LAMENTIN(LE),0.0033,Prairie1
MORNE-VERT(LE),0.0033,Dello1
PRECHEUR(LE),0.0033,RencLt2
PRECHEUR(LE),0.0033,RencLt3
ROBERT(LE),0.0033,RosGoy1
SAINTE-ANNE,0.0033,Mal2
SAINTE-ANNE,0.0033,Mal3
SAINT-JOSEPH,0.0033,Rizbas
SAINT-PIERRE,0.0033,Lub1
SAINT-PIERRE,0.0033,Lub2
VAUCLIN(LE),0.0033,Vero1
BELLEFONTAINE,0.003,Quartier Verrier
CARBET(LE),0.003,1375 Quartier Godinot
CARBET(LE),0.003,"504, Route de Lajus"
CASE-PILOTE,0.003,9 Jardin Vetiver
DUCOS,0.003,"33, rue Joseph ZOBEL"
DUCOS,0.003,Fond Panier
FONDS-SAINT-DENIS,0.003,Manavit
FORT-DE-FRANCE,0.003,9 Km route de Balata
FORT-DE-FRANCE,0.003,La Cafeiere
FRANCOIS(LE),0.003,"34, Lot. Thalemont"
FRANCOIS(LE),0.003,Route de la Pointe Couchee
LAMENTIN(LE),0.003,Jeanne d'Arc
MARIN(LE),0.003,Cap Marin
MARIN(LE),0.003,Duprey
MARIN(LE),0.003,Quartier La Huvet
MORNE-VERT(LE),0.003,Quartier Cheteau
MORNE-VERT(LE),0.003,Urion
MORNE-VERT(LE),0.003,Verrier
PRECHEUR(LE),0.003,Anse Belleville
PRECHEUR(LE),0.003,La Charmeuse - Morne Folie
RIVIERE-PILOTE,0.003,Duprey
RIVIERE-PILOTE,0.003,Quartier Saint-Vincent
RIVIERE-SALEE,0.003,Genipa
RIVIERE-SALEE,0.003,Quartier Le-Haut
ROBERT(LE),0.003,Monnerot
ROBERT(LE),0.003,Quartier Cannelle
SAINTE-LUCE,0.003,Quartier Desert
SAINTE-LUCE,0.003,Quartier Volcart
SAINT-ESPRIT,0.003,Chemin Petit Paradis
SAINT-JOSEPH,0.003,2101 Quartier Hetel des Plaisirs
SAINT-JOSEPH,0.003,Chapelle
SAINT-PIERRE,0.003,Rue Mont Noel
TROIS-ILETS(LES),0.003,La Ferme
TROIS-ILETS(LES),0.003,Vatable
VAUCLIN(LE),0.003,Ravine Plate
SAINT-ESPRIT,0.0026,Regale
RIVIERE-PILOTE,0.0022,Quartier Concorde
ANSES-D'ARLET(LES),0.002,Petite Anse
BELLEFONTAINE,0.002,Quartier Bellevue Nord
BELLEFONTAINE,0.002,Quartier Fond Moulin
BELLEFONTAINE,0.002,Quartier Verrier Micolo
CARBET(LE),0.002,Godinot Sud
CASE-PILOTE,0.002,Le Cap
CASE-PILOTE,0.002,Les Citronnelles
CASE-PILOTE,0.002,Maniba
CASE-PILOTE,0.002,Maniba Piton
CASE-PILOTE,0.002,Quartier Micolo
DIAMANT(LE),0.002,O'Mullane
DUCOS,0.002,54 Lotissement Panorama
FONDS-SAINT-DENIS,0.002,La Tranchee
FRANCOIS(LE),0.002,"16, Petite France"
FRANCOIS(LE),0.002,Petite France
GROS-MORNE,0.002,Tamarins
MARIN(LE),0.002,Perou
MORNE-VERT(LE),0.002,Canton Suisse
PRECHEUR(LE),0.002,"Boisville, Charmeuse"
PRECHEUR(LE),0.002,Lot. La Charmeuse
RIVIERE-PILOTE,0.002,Marie Noire
RIVIERE-PILOTE,0.002,Quartier Vieille Terre
RIVIERE-PILOTE,0.002,Regale
RIVIERE-SALEE,0.002,Quartier Dede
RIVIERE-SALEE,0.002,Quartier La Laugier
ROBERT(LE),0.002,200 chemin Pontalery 2
ROBERT(LE),0.002,Bois-Neuf
ROBERT(LE),0.002,Quartier Monnerot
SAINTE-LUCE,0.002,Bellevue - Ladour
SAINT-ESPRIT,0.002,Roches Carrees
SAINT-JOSEPH,0.002,"88, Lot. Les Alamandas"
SAINT-JOSEPH,0.002,Ne 129 Goureau
SAINT-PIERRE,0.002,"11, rue des ruisseaux"
SCHOELCHER,0.002,"44, Route de Terreville"
SCHOELCHER,0.002,Fond Duclos
SCHOELCHER,0.002,Haut Demarche
SCHOELCHER,0.002,Route de Ravine Touza
SCHOELCHER,0.002,Route des Benedictins
TRINITE(LA),0.002,Morne Pavillon
VAUCLIN(LE),0.002,Petite Grenade
GROS-MORNE,0.0013,Quartier Dominant
SAINT-JOSEPH,0.0011,430 chemin Fond Epingle - Gondeau
ANSES-D'ARLET(LES),0.001,Galochat
BELLEFONTAINE,0.001,Fond Boucher Ne 26
BELLEFONTAINE,0.001,Morne Capot
BELLEFONTAINE,0.001,Rue Victor Schoelcher
CARBET(LE),0.001,Le Fromager
CARBET(LE),0.001,Morne aux Boeufs
DUCOS,0.001,Bac
FORT-DE-FRANCE,0.001,"8,5 km Entree Bareme Ne 43"
LAMENTIN(LE),0.001,Chemin Izidee
MARIN(LE),0.001,Cap Champfleury
MORNE-VERT(LE),0.001,Godinot Sud
MORNE-VERT(LE),0.001,La Citerne
MORNE-VERT(LE),0.001,Riviere Coco
ROBERT(LE),0.001,La Haut
SAINT-ESPRIT,0.001,Petit Fonds
SAINT-ESPRIT,0.001,Quartier Petit Fonds
SAINT-JOSEPH,0.001,Choco
TRINITE(LA),0.001,1 Km route de Tracee
TRINITE(LA),0.001,Quartier Morne Poirier
TRINITE(LA),0.001,Tracee Ouest
